,danceability,energy,loudness,speechiness,acousticness,instrumentalness,liveness,valence,tempo,id,duration_ms
0,0.826,0.657,-7.779,0.147,0.204,1.37e-05,0.0668,0.86,118.049,0Em4eY10PGyiBlmjWxcav3,168858
1,0.845,0.7,-8.737,0.0391,0.1,0.00113,0.0984,0.85,119.997,5V9XFfvCG4WP5ZdISOLvaF,166559
2,0.578,0.631,-7.619,0.228,0.314,0.0,0.107,0.794,108.783,1tOp1bXhT9tvydSAGDHdQy,169043
3,0.838,0.569,-8.414,0.0529,0.194,0.0377,0.0802,0.63,113.046,6wuMo4ZR83PhlhXhJ1S3VY,190542
4,0.843,0.725,-7.282,0.0539,0.165,0.00357,0.0948,0.556,120.0,5F4OfeowSReF93KcH2eUcG,150000
5,0.819,0.817,-8.221,0.0698,0.0593,0.201,0.275,0.77,120.039,5UwxpuGHkwiojKDaPC5ZNu,148000
6,0.92,0.716,-7.104,0.105,0.296,0.00222,0.104,0.961,115.991,4eZZofkV1OQ9GDqAgHqNpA,183103
7,0.806,0.915,-3.102,0.0296,0.17,0.0,0.281,0.967,110.025,4QrZSUg5xCZpFKDIhJMU2Q,196472
8,0.856,0.85,-5.59,0.0549,0.00389,0.002,0.115,0.515,118.969,2eknBYpfzA4Mp5zWHMGac5,149244
9,0.735,0.592,-11.208,0.0534,0.0661,0.522,0.125,0.603,104.065,3rmqNsOiGqqvFNTmGlzl4R,159426
10,0.719,0.756,-5.392,0.0761,0.0541,0.0,0.109,0.647,105.024,25Kyv5SeEenT0EETpP2hYn,219500
11,0.481,0.66,-10.189,0.0761,0.35,0.0,0.108,0.504,111.832,0GfCR4T6WOErZOw1557ln7,159100
12,0.867,0.692,-8.973,0.143,0.333,0.000124,0.048,0.863,117.968,6upXA8xqJ5heoVw4nd5Zvs,138305
13,0.788,0.649,-9.674,0.0532,0.253,0.0136,0.12,0.229,113.009,2kaH2Z8ezDUKf6fNw250rZ,169912
14,0.788,0.913,-4.495,0.0671,0.243,0.0689,0.272,0.672,99.994,4MzOppXoeKvDsVaNMeOK3C,196800
15,0.47,0.661,-6.667,0.129,0.0844,9.88e-05,0.124,0.674,153.304,1QVJ9U10mJncHAyHVXkFNZ,151304
16,0.823,0.717,-3.879,0.0704,0.0356,0.0,0.102,0.489,110.998,6McBvfxgkVfREmQPwTKBUn,132913
17,0.755,0.685,-3.724,0.0631,0.065,0.00186,0.107,0.799,76.683,3aGroTtXwkWJ7wOwKEI8Px,211875
18,0.853,0.702,-5.822,0.112,0.627,6.26e-06,0.0947,0.895,116.994,7qxtOyjZ2zSaxBPH8fLyNi,136465
19,0.781,0.569,-6.897,0.0918,0.294,0.0241,0.113,0.595,95.049,3kqE7QmylUIJV3QXC6arrR,197000
20,0.812,0.775,-6.879,0.0389,0.0272,0.00191,0.121,0.582,104.983,4Mlgf7GD6bbx09N4uxqU3S,176988
21,0.778,0.644,-5.542,0.323,0.0625,0.000115,0.117,0.47,142.724,14nSbMQqRo1BxshIjprVDO,153523
22,0.914,0.721,-6.966,0.0413,0.0642,0.0352,0.0794,0.481,114.053,7zhLSGUbneW7Tm3wpp3HjY,182073
23,0.828,0.628,-9.229,0.0444,0.00405,0.00506,0.0655,0.796,115.008,1M5dFODSjNXQvi374tJt64,177391
24,0.818,0.513,-11.382,0.0574,0.106,0.00105,0.0408,0.583,115.01,7tZMF9Hn5uGsfC7zGXbSKM,186000
25,0.931,0.676,-7.492,0.0498,0.0152,0.0,0.103,0.739,111.948,6NKuW3yaNXtloGw1RB8WUi,165000
26,0.808,0.769,-7.207,0.0833,0.101,4.12e-05,0.119,0.685,116.001,1mJFFeluclL38IwV264lm9,153103
27,0.872,0.555,-6.677,0.122,0.433,3.53e-06,0.125,0.544,113.998,5o3dCqgRTiSt6MC3Gi0jzj,187632
28,0.582,0.563,-11.242,0.313,0.583,4.35e-06,0.321,0.718,120.213,1j9I9JrUTXNblSWazCq9CU,148062
29,0.51,0.922,-4.051,0.149,0.219,3.51e-05,0.147,0.863,102.148,6tgW4WT1IUnKKbUATVcZfm,247448
30,0.599,0.785,-5.943,0.501,0.405,0.0,0.213,0.65,189.255,0lTUcfkmtQPp6mhjC6EBPq,164240
31,0.917,0.716,-6.881,0.0919,0.213,0.0,0.0997,0.719,114.014,64j2xnJweYeCQvycBGBmLR,178947
32,0.821,0.611,-8.967,0.0535,0.0131,0.00393,0.0395,0.431,113.006,16vqEDaCZpq5zdgop8U9uM,327080
33,0.94,0.779,-4.854,0.0376,0.101,0.0,0.0792,0.581,111.978,1RnRPPu3XPtftOhs1qF1hY,195762
34,0.819,0.659,-9.024,0.0973,0.0534,0.0,0.0435,0.441,116.054,2SaRkvUkzNzL39fBB2hLpt,186002
35,0.774,0.825,-5.855,0.0408,0.0164,6.77e-05,0.271,0.668,120.989,47FuxUowVBxua1XxsbLKKX,186446
36,0.84,0.687,-7.203,0.1,0.115,2.2e-06,0.115,0.678,113.038,62N0RkCCs4XQXk7hgnpOXo,238912
37,0.634,0.833,-5.1,0.25,0.297,0.0,0.367,0.714,96.881,2KEMHoK7Tz7rlTUalQXMUk,166802
38,0.829,0.657,-6.802,0.0648,0.235,5.27e-05,0.0937,0.811,116.984,4vI2KCvXTAPR3vfiWg1J78,155897
39,0.859,0.822,-5.005,0.0467,0.07,0.0144,0.101,0.908,110.045,2pUlBBWq8R10ylbBvZJV9j,177170
40,0.719,0.584,-5.589,0.251,0.372,0.0,0.139,0.519,93.979,6vy5gmpM2yuLAhDRtGOtPw,173617
41,0.667,0.498,-9.718,0.0725,0.579,1.12e-05,0.237,0.409,109.93,6G45nT1iMlP1HdJ0MCTuDU,222507
42,0.829,0.703,-5.683,0.0444,0.217,0.00123,0.118,0.6,115.961,1OGZU2zmK6x0UnM3yeZ4lR,170000
43,0.848,0.697,-7.175,0.0636,0.114,0.0146,0.0525,0.889,115.05,3nTzEDC9sTD0YsC9C7osnN,162783
44,0.798,0.667,-8.7,0.124,0.104,0.000935,0.0871,0.501,109.059,56iVI65i40FrCO5p382IrK,149775
45,0.861,0.588,-8.861,0.243,0.00913,0.0,0.0591,0.705,111.995,5FtWjKVBTMklN2yCP9UhF6,210000
46,0.809,0.837,-6.362,0.0676,0.106,0.00405,0.11,0.401,100.034,1sDAPYzFftbXW5fhMl0oKI,163200
47,0.91,0.74,-6.712,0.0399,0.0866,0.0104,0.0753,0.557,114.027,7CDmOoIXrtknQN5zcpHRBr,172562
48,0.87,0.45,-12.221,0.0434,0.00491,0.414,0.0514,0.508,112.987,3Ry6M5to0EblssBg3pfJt8,116427
49,0.842,0.728,-6.289,0.148,0.485,1.7e-06,0.101,0.707,105.993,1GYffAby5VxcjjIp7j0ea7,176604
50,0.57,0.225,-17.168,0.029,0.306,0.0586,0.0689,0.408,151.78,3c6wivu78aLN7ZXp8UbpaI,429973
51,0.569,0.314,-8.241,0.0579,0.845,2.03e-05,0.12,0.311,179.332,2JlQOgJZdvQ5YJrVxY13wQ,249560
52,0.39,0.582,-9.822,0.0427,0.466,0.356,0.292,0.561,79.633,36huM0UOR9A17TYAape2Xg,301242
53,0.42,0.396,-8.807,0.0314,0.674,0.00495,0.103,0.406,70.898,3aPOQ6TdIuAW8m1KZid1Hv,210773
54,0.54,0.254,-14.993,0.0948,0.895,0.956,0.109,0.713,86.958,2PdCpqwqkFbGB0dJXFMsvu,151827
55,0.536,0.427,-13.12,0.0574,0.714,0.028,0.109,0.409,196.034,1QnWVnnt2AOT7psq22mO5I,287999
56,0.702,0.269,-15.172,0.0365,0.626,0.0406,0.125,0.397,99.747,05CF4ATpqROLTQVYABNZ3W,386973
57,0.729,0.441,-13.088,0.0374,0.586,0.24,0.093,0.293,124.957,1YQmUOQUxVeHebdKBX6m71,240560
58,0.81,0.465,-13.289,0.054,0.282,0.00216,0.0899,0.253,95.133,2LQwuRI1h4Q4qk4HzK9zE2,186347
59,0.361,0.31,-12.102,0.0398,0.802,0.687,0.128,0.408,177.659,56K7H3Ipsce0Csn2v4u8kZ,355840
60,0.721,0.435,-9.476,0.0438,0.872,0.000104,0.108,0.944,116.865,795HmjjJWGQUMfL3foScIr,124055
61,0.481,0.299,-11.755,0.0378,0.806,0.371,0.173,0.463,102.779,6F28CLAzz6JwhfkBjyEgKx,106680
62,0.56,0.501,-5.442,0.0314,0.725,0.000136,0.107,0.22,90.301,4anx9dy5q5vU1B0kwNRmrR,266123
63,0.531,0.435,-8.304,0.0491,0.638,0.00301,0.102,0.714,131.926,0pKqawIX3uh1iycrPw5LMQ,219667
64,0.58,0.612,-11.631,0.0735,0.107,0.0365,0.226,0.555,124.022,4W3W4cbErPT3JCW60IxKKj,403693
65,0.663,0.265,-10.765,0.071,0.887,0.894,0.112,0.301,77.081,4bT1rl9bnULJw7ivrXozfQ,141360
66,0.54,0.359,-12.122,0.0337,0.811,0.907,0.0878,0.2,113.376,2st24VONuY9hqiGAPkhyua,279347
67,0.312,0.2,-15.33,0.0304,0.731,6.92e-05,0.0694,0.438,163.319,2a5WbaVANXN8Dj4aNmBosD,263440
68,0.74,0.702,-6.992,0.0455,0.25,0.44,0.146,0.629,121.36,1fd4zR1mI316y8y8Yq5txJ,210880
69,0.773,0.4,-9.245,0.249,0.881,0.489,0.0807,0.588,107.392,67MvBcAEhyKnyNdT1A54wi,88360
70,0.424,0.538,-17.016,0.0966,0.707,0.00644,0.0774,0.5,172.936,7L5FEYVfpIEGHJOv6gZ6EW,324920
71,0.749,0.543,-10.006,0.04,0.605,0.00184,0.227,0.942,121.523,2m9TLj1eU3qZT895FOIm0v,228782
72,0.617,0.827,-8.936,0.0348,0.125,0.198,0.085,0.846,101.154,4oYwvjJ2Yq3Yn4Fqgn3uOg,284840
73,0.634,0.49,-11.023,0.028,0.854,0.000346,0.0885,0.704,91.591,0V9DjtOmk3yxz8HeEyxYsY,304080
74,0.483,0.322,-19.861,0.0379,0.823,0.0289,0.0981,0.607,86.303,1ASQZ8acmZj1IOFoXggUf9,223973
75,0.624,0.361,-12.395,0.0332,0.931,0.946,0.12,0.672,105.539,6py8BqF0Lk1P8YoXXTRw5P,273950
76,0.45,0.303,-7.967,0.0491,0.71,0.885,0.116,0.259,149.267,4I7WbrlfomZlIv4mveJ76x,263525
77,0.262,0.828,-7.089,0.159,0.00215,0.752,0.155,0.673,147.52,5RHN9R3BqScU4Jzu84U7pZ,298969
78,0.735,0.48,-13.532,0.0605,0.739,0.0364,0.102,0.891,84.039,2YEs2mLzFu8RcdAHFQghhv,270560
79,0.626,0.546,-7.621,0.0262,0.275,0.0164,0.109,0.928,104.229,4s86JE28MM4q3xPmBGI6rn,202253
80,0.329,0.887,-5.06,0.0516,0.331,0.82,0.085,0.565,156.898,32ORiXJSpjsxEBh53n03U4,290800
81,0.401,0.556,-11.314,0.0453,0.239,0.705,0.0948,0.808,155.933,3HsUImLYZkBYmCLAtvRFVl,256320
82,0.432,0.862,-6.088,0.0701,0.137,0.015,0.316,0.699,83.005,0JRBZ5RZGLhZKUoDIgaxQc,268640
83,0.586,0.619,-7.787,0.0605,0.581,0.00425,0.11,0.304,79.531,6T0wxfTmgWw67QM6IJQvU4,353147
84,0.685,0.797,-5.372,0.0558,0.506,0.00923,0.069,0.926,98.614,1sXLitmQULzwiWR8D38Ekw,267533
85,0.661,0.693,-10.965,0.0396,0.609,0.799,0.136,0.944,155.125,6KnZ9iov6qX5ZZBLS0pUPF,218076
86,0.376,0.522,-11.401,0.127,0.794,0.107,0.106,0.304,80.304,3b45LikcYpvV5YQE4XcnZI,257974
87,0.548,0.351,-12.325,0.046,0.94,0.00241,0.108,0.613,122.973,5RhFZ82NnuUrRxQOWphUI3,274627
88,0.551,0.585,-7.479,0.0344,0.284,0.632,0.0933,0.556,160.029,5JMebtqw62DkVHPsUJMKvh,311253
89,0.504,0.407,-9.144,0.0377,0.873,2.19e-05,0.142,0.467,145.72,4DdoInAoNy6cT6Z1AAj6vX,305320
90,0.522,0.892,-6.961,0.037,0.00338,0.00461,0.279,0.898,86.763,0Lo6q647IUY2xo2kZZszw2,228933
91,0.468,0.568,-6.861,0.0295,0.226,0.391,0.0895,0.436,166.048,09n4VZqxSvFJfdtyV0HbCV,313480
92,0.533,0.863,-7.892,0.0483,0.232,0.0881,0.0652,0.757,112.836,0g9YOykbhG0jhDW2m4Y3w8,432067
93,0.898,0.457,-10.539,0.0685,0.973,0.892,0.13,0.853,116.036,68tS8zt1kpPHxunJ7Xq4PI,498971
94,0.615,0.804,-8.6,0.0274,0.00539,0.0063,0.158,0.466,109.316,1aCV7ocnKXsLSb0oX2dmup,231640
95,0.427,0.525,-8.739,0.0462,0.852,0.91,0.106,0.386,99.842,6qQhWIowgtVSz6UFJvG5Ku,187345
96,0.33,0.305,-17.056,0.0375,0.824,0.00471,0.106,0.685,62.326,0irBIwMyqnB2MtUww6P6iY,281093
97,0.3,0.66,-7.536,0.0704,0.485,0.817,0.116,0.189,87.4,3911Bzzv8FHgbitJzXFjxh,260253
98,0.518,0.33,-12.304,0.0257,0.767,1.73e-06,0.117,0.191,81.025,51y5kEOYPs4JHFgbPTvuKe,201200
99,0.569,0.751,-12.826,0.0418,0.365,0.856,0.0561,0.758,105.156,11tRfP7PlShe9hrnnA1cXC,338292
100,0.792,0.503,-8.044,0.0626,0.0369,0.00057,0.0959,0.381,99.97,1rrqJ9QkOBYJlsZgqqwxgB,185093
101,0.828,0.726,-6.389,0.0419,0.106,0.00101,0.103,0.67,113.017,3baPniPXS0iEII8rDUJdYP,212976
102,0.788,0.649,-9.674,0.0532,0.253,0.0136,0.12,0.229,113.009,2kaH2Z8ezDUKf6fNw250rZ,169912
103,0.727,0.6,-4.799,0.24,0.636,5.1e-06,0.106,0.754,199.796,7ErtOGQ9DwyQa3lwP77j4u,216000
104,0.826,0.657,-7.779,0.147,0.204,1.37e-05,0.0668,0.86,118.049,0Em4eY10PGyiBlmjWxcav3,168858
105,0.859,0.551,-7.916,0.149,0.559,0.0,0.194,0.777,102.049,4Gasn91fsCefnN8zM5GjA8,155293
106,0.845,0.7,-8.737,0.0391,0.1,0.00113,0.0984,0.85,119.997,5V9XFfvCG4WP5ZdISOLvaF,166559
107,0.578,0.631,-7.619,0.228,0.314,0.0,0.107,0.794,108.783,1tOp1bXhT9tvydSAGDHdQy,169043
108,0.861,0.797,-5.21,0.11,0.272,0.00635,0.087,0.595,100.05,3BwAHuQhZyL4tOkf36DuQv,187275
109,0.838,0.569,-8.414,0.0529,0.194,0.0377,0.0802,0.63,113.046,6wuMo4ZR83PhlhXhJ1S3VY,190542
110,0.804,0.615,-7.033,0.137,0.404,0.0,0.0987,0.816,100.058,4tr4oHjFijp0EgISHYDIXe,158400
111,0.843,0.725,-7.282,0.0539,0.165,0.00357,0.0948,0.556,120.0,5F4OfeowSReF93KcH2eUcG,150000
112,0.819,0.457,-12.641,0.126,0.00585,0.000127,0.0661,0.61,112.027,6L1UdBhj6v8Ol9qKHBtvLN,296975
113,0.819,0.817,-8.221,0.0698,0.0593,0.201,0.275,0.77,120.039,5UwxpuGHkwiojKDaPC5ZNu,148000
114,0.719,0.756,-5.392,0.0761,0.0541,0.0,0.109,0.647,105.024,25Kyv5SeEenT0EETpP2hYn,219500
115,0.697,0.653,-7.284,0.102,0.166,0.231,0.0911,0.627,99.982,6oOCGD2Sp9UTcDsuDz8Hdu,174545
116,0.92,0.716,-7.104,0.105,0.296,0.00222,0.104,0.961,115.991,4eZZofkV1OQ9GDqAgHqNpA,183103
117,0.699,0.703,-7.651,0.273,0.517,0.0216,0.112,0.478,195.864,7AbLGIOzFkx6jHq5en5xiH,171429
118,0.744,0.627,-9.216,0.118,0.0496,0.000701,0.1,0.56,104.12,1LRGZESVn8eF7WVY5DzLNy,159500
119,0.847,0.72,-7.066,0.0375,0.0475,0.0,0.668,0.113,112.997,6RzTv3JiPndZpv0Lq3kGHO,275148
120,0.481,0.66,-10.189,0.0761,0.35,0.0,0.108,0.504,111.832,0GfCR4T6WOErZOw1557ln7,159100
121,0.788,0.913,-4.495,0.0671,0.243,0.0689,0.272,0.672,99.994,4MzOppXoeKvDsVaNMeOK3C,196800
122,0.779,0.79,-6.246,0.0612,0.0691,2.24e-05,0.506,0.484,113.064,2wgvxtggKVzPkl0smF2UzI,123717
123,0.872,0.555,-6.677,0.122,0.433,3.53e-06,0.125,0.544,113.998,5o3dCqgRTiSt6MC3Gi0jzj,187632
124,0.897,0.7,-2.776,0.117,0.0193,0.009,0.12,0.755,101.944,6jdTkoEaer7XNGSblczoSu,209760
125,0.737,0.663,-6.981,0.101,0.287,0.0508,0.523,0.839,98.014,2jZ2MrAk8iNZk1dsI0Vr5z,181224
126,0.787,0.746,-5.83,0.053,0.149,0.0014,0.275,0.722,117.905,47rtDAZmqRUjba0V1en3XY,172881
127,0.827,0.705,-6.756,0.0429,0.0813,0.00556,0.102,0.624,113.006,1zwZ26A7OA5wTrA3FejCLL,213992
128,0.597,0.739,-5.517,0.168,0.585,1.59e-05,0.212,0.73,104.808,4yaPPFIafaVaMRHZ5IHkbA,178414
129,0.923,0.657,-5.173,0.0605,0.199,0.00407,0.108,0.734,110.015,0SjQBdIddPvKSWxr8vk6QX,179775
130,0.823,0.717,-3.879,0.0704,0.0356,0.0,0.102,0.489,110.998,6McBvfxgkVfREmQPwTKBUn,132913
131,0.853,0.702,-5.822,0.112,0.627,6.26e-06,0.0947,0.895,116.994,7qxtOyjZ2zSaxBPH8fLyNi,136465
132,0.755,0.685,-3.724,0.0631,0.065,0.00186,0.107,0.799,76.683,3aGroTtXwkWJ7wOwKEI8Px,211875
133,0.905,0.747,-6.622,0.0442,0.117,0.000364,0.0505,0.866,117.008,7d1aTQlsHMgWmkPywDi7h1,166154
134,0.873,0.658,-8.031,0.108,0.00858,0.0061,0.0999,0.483,104.033,3ketN3dth18vSJ1T3HIztN,189800
135,0.812,0.775,-6.879,0.0389,0.0272,0.00191,0.121,0.582,104.983,4Mlgf7GD6bbx09N4uxqU3S,176988
136,0.798,0.556,-8.985,0.0471,0.364,8.31e-06,0.163,0.901,113.994,2woGTVY8Vx46aYuXfMmwwE,155861
137,0.914,0.721,-6.966,0.0413,0.0642,0.0352,0.0794,0.481,114.053,7zhLSGUbneW7Tm3wpp3HjY,182073
138,0.818,0.513,-11.382,0.0574,0.106,0.00105,0.0408,0.583,115.01,7tZMF9Hn5uGsfC7zGXbSKM,186000
139,0.931,0.676,-7.492,0.0498,0.0152,0.0,0.103,0.739,111.948,6NKuW3yaNXtloGw1RB8WUi,165000
140,0.654,0.666,-6.618,0.185,0.412,0.00493,0.113,0.804,209.929,45Vvoe20MW6GD7FwoacZc8,192000
141,0.543,0.482,-5.927,0.0526,0.286,0.000395,0.101,0.522,133.369,4vLY6fJQWgBzQYHzguDZme,201600
142,0.519,0.626,-6.353,0.0934,0.501,6.95e-06,0.161,0.394,102.293,5X55V3mn3RTvHAheUtL6LR,176000
143,0.737,0.806,-7.611,0.0685,0.117,0.0,0.275,0.502,125.018,0xPz8qjfchKRCAmABJH65Z,246500
144,0.808,0.769,-7.207,0.0833,0.101,4.12e-05,0.119,0.685,116.001,1mJFFeluclL38IwV264lm9,153103
145,0.806,0.915,-3.102,0.0296,0.17,0.0,0.281,0.967,110.025,4QrZSUg5xCZpFKDIhJMU2Q,196472
146,0.821,0.611,-8.967,0.0535,0.0131,0.00393,0.0395,0.431,113.006,16vqEDaCZpq5zdgop8U9uM,327080
147,0.804,0.696,-7.269,0.0476,0.029,0.000707,0.0602,0.764,109.995,0h9NbR0ozxlNVnTXOX8xjk,224294
148,0.774,0.825,-5.855,0.0408,0.0164,6.77e-05,0.271,0.668,120.989,47FuxUowVBxua1XxsbLKKX,186446
149,0.861,0.598,-11.155,0.0665,0.00483,0.0607,0.0306,0.417,113.006,1hsFJ92y0FU2cFOOLkEFVr,374849
150,0.66,0.878,-6.647,0.0596,0.212,0.663,0.16,0.264,129.004,3JsH3qnwhYGs20PBMsCgNx,213800
151,0.716,0.881,-7.027,0.0536,0.000561,0.67,0.216,0.293,123.984,5SfcsMI2nJhdZpmwCcNEGf,220887
152,0.636,0.869,-5.289,0.0412,0.0378,0.0446,0.0808,0.306,143.011,5eTaQYBE1yrActixMAeLcZ,186496
153,0.925,0.561,-8.675,0.176,0.0659,0.0271,0.152,0.721,128.034,59QDyqLww2pxyg9ijOPO7f,181365
154,0.847,0.69,-7.877,0.0493,0.0127,6e-05,0.0526,0.692,125.004,4zN21mbAuaD0WqtmaTZZeP,186662
155,0.852,0.988,-6.007,0.0588,0.00951,0.302,0.0629,0.67,128.013,6t4VHEcJ7Kek9pgGHlDp6R,181875
156,0.751,0.834,-7.018,0.0713,0.0749,0.000505,0.149,0.563,133.972,2K6qq0V7jXSlhucLr8R74Z,175246
157,0.714,0.917,-6.649,0.0869,0.0509,0.823,0.0725,0.579,160.057,43OMUa5jouGCZEz9k9vooo,240060
158,0.668,0.723,-9.315,0.0395,0.000646,0.85,0.205,0.0322,123.999,0kXPOcMLExBxGeS4YJexzk,325744
159,0.753,0.872,-7.552,0.0478,0.000998,0.291,0.0774,0.573,139.996,0Ex4dfzYtS1tgoubw8jLod,241825
160,0.555,0.918,-10.394,0.034,0.00721,0.861,0.104,0.1,121.988,6PzfuuQ95fRU9JRFSFFq77,283902
161,0.534,0.854,-7.468,0.0344,0.00239,0.0441,0.138,0.477,135.013,63MBVrJ8nADdP4AXbBGlOj,166000
162,0.51,0.842,-9.901,0.038,0.00128,0.852,0.146,0.146,132.0,5bAmqp96l9YO7V8LW5sUjZ,421818
163,0.713,0.837,-5.96,0.0368,0.0283,0.0,0.0722,0.351,137.979,5r2620VyMS4JpB9UhmYjpG,175676
164,0.736,0.906,-7.589,0.048,0.164,0.585,0.106,0.698,137.001,39JofJHEtg8I4fSyo7Imft,226627
165,0.612,0.862,-2.903,0.037,0.041,0.0,0.0907,0.354,123.849,4laAKIq9ZxBCwf99rauPYb,160766
166,0.56,0.832,-6.432,0.0363,0.00953,0.00541,0.546,0.0818,126.0,4qDpLaFGf5ampf2DXD2TMA,236000
167,0.804,0.875,-6.975,0.059,0.0289,0.484,0.0469,0.809,130.011,536rYtZCAq33yLmthsLTfE,247385
168,0.683,0.932,-10.402,0.0513,0.0389,0.605,0.0615,0.553,125.002,0w7JPlp7eEQI2EKW3ayXrv,235786
169,0.767,0.862,-5.464,0.0606,0.14,0.0092,0.252,0.509,128.039,1M8t1j3Kv2qp97bdq5q4Vl,166570
170,0.761,0.781,-6.778,0.141,0.0681,0.108,0.0607,0.473,123.023,5Z8Dj3LtbyCMiwE86rhg2f,285375
171,0.609,0.912,-6.593,0.0391,0.0196,0.478,0.133,0.0391,135.027,1eMUGMEWrvTXYWrPobq2dH,204444
172,0.656,0.655,-6.766,0.024,0.02,0.00816,0.103,0.555,127.001,3I10tZ5MgEMo4WryCNJkZQ,230946
173,0.695,0.781,-5.578,0.0452,0.0185,3.12e-05,0.295,0.456,124.04,4xMbBESczlHPUO8QeYi56p,148960
174,0.628,0.738,-5.045,0.0367,0.0156,0.281,0.153,0.699,125.928,4vyG9ZhHT8MKJE5mTICMFC,162879
175,0.747,0.616,-9.76,0.0324,0.176,0.116,0.143,0.908,131.975,5u4hhtZ7f4rWkMZEZcTKrH,192151
176,0.605,0.874,-4.949,0.0295,0.000563,0.812,0.112,0.836,125.99,0F2BxpbxH8Yc3pLub48hrb,157432
177,0.735,0.72,-7.04,0.336,0.00105,0.15,0.382,0.364,124.174,303ccTay2FiDTZ9fZ2AdBt,403293
178,0.665,0.727,-8.073,0.0391,0.00984,0.394,0.172,0.397,133.922,31B7wLv4yvtjDoTTmbnxeE,198806
179,0.811,0.833,-4.259,0.153,0.014,2.06e-05,0.0769,0.567,120.258,4t0UsYzmmmZRMTWn77jiGF,252107
180,0.801,0.96,-5.534,0.264,0.0284,0.877,0.0985,0.101,126.045,7jURkEKDVEm9sHueqUX0ko,217411
181,0.748,0.908,-8.319,0.0504,0.0588,0.894,0.0943,0.0576,130.004,6R84ZlQF7gGkPB6o3GLZXB,489480
182,0.797,0.88,-5.722,0.0442,0.00298,0.574,0.183,0.357,125.996,2FEUloDXMvRnyfLcsrCfkw,157619
183,0.71,0.63,-7.003,0.0413,0.00879,0.147,0.058,0.216,125.0,48Jf12YHPBCAfAzi255Rvr,242880
184,0.609,0.94,-6.097,0.0617,0.00124,0.269,0.15,0.238,128.001,6txvQu0zUbiqG24A8XMLnK,188592
185,0.761,0.867,-6.168,0.0499,0.259,0.615,0.0689,0.679,126.03,2qRKTg13LJGHO4fmQTWT7x,185896
186,0.784,0.888,-6.617,0.165,0.0158,0.892,0.169,0.13,135.995,1tkS8yt5NwTZkqFvZMxM0F,360000
187,0.636,0.892,-5.573,0.0386,0.000422,0.0954,0.156,0.456,125.003,2XKsHHNCtKqk9cF35TRFyC,125280
188,0.771,0.729,-6.577,0.0408,0.00161,0.672,0.217,0.63,123.027,54hA0ldJYyT1huGfSeOjdQ,189268
189,0.817,0.876,-7.485,0.046,0.0332,0.199,0.412,0.671,131.022,0hJfuyUwtEYMlGgvr3nzz9,289472
190,0.702,0.912,-8.687,0.0652,0.0773,0.309,0.0926,0.957,128.018,33tYADyL2aZctrvR59K1bQ,200551
191,0.576,0.953,-8.968,0.0362,0.00106,0.49,0.474,0.303,140.042,7xQYVjs4wZNdCwO0EeAWMC,456480
192,0.814,0.874,-5.316,0.0425,0.000222,0.522,0.276,0.434,123.992,1olCzMxaeiQKNO64ssWVGr,161041
193,0.716,0.917,-5.091,0.0331,0.123,0.396,0.0628,0.751,124.032,4O3APpGNhOldqDsPF8IaS5,160669
194,0.812,0.796,-10.548,0.0356,0.00826,0.921,0.365,0.961,125.976,5krhFNgUcYHwXlNPJJYzFM,249679
195,0.907,0.707,-7.627,0.185,0.00983,0.444,0.166,0.566,129.097,26zt79lTciS4tfncBX1qPV,141395
196,0.824,0.511,-9.049,0.151,0.0187,0.834,0.309,0.0858,127.959,6U7DCvIA93YYzyFYwmiIIe,195952
197,0.639,0.873,-6.222,0.0408,0.0237,0.0143,0.119,0.258,121.031,3LnETnq2xyUpKcGqAQLJy1,199091
198,0.736,0.827,-3.902,0.0643,0.0199,0.00828,0.351,0.814,125.008,4u3XiAwJ2U9Kxgy57gcAPB,209760
199,0.705,0.524,-9.776,0.032,0.112,0.26,0.109,0.219,119.987,11SEKnYpFCFRXnUap3Cso2,230016
200,0.438,0.805,-6.237,0.0624,0.00255,5.69e-05,0.0842,0.564,113.253,2aoo2jlRnM3A0NyLQqMN2f,240800
201,0.533,0.905,-5.27,0.0754,0.00876,0.578,0.0698,0.486,108.9,0wJoRiX5K5BxlqZTolB2LD,170813
202,0.479,0.944,-5.167,0.115,0.00206,0.0283,0.356,0.572,153.45,5LI7PoHEolR8plrf3I16sq,163800
203,0.346,0.768,-5.695,0.0377,0.00603,0.38,0.0244,0.532,169.492,0NWPxcsf5vdjdiFUI8NgkP,210160
204,0.568,0.898,-8.833,0.0862,0.0285,0.0787,0.484,0.833,110.824,0hnlRgTh80b1emNnM0jmwt,301520
205,0.307,0.756,-8.119,0.0493,0.0209,0.758,0.353,0.417,114.843,34jAhU99TNRvYwwOEoINl3,404267
206,0.515,0.534,-8.045,0.0768,0.181,0.00278,0.0547,0.426,70.776,1Eolhana7nKHYpcYpdVcT5,145747
207,0.599,0.622,-7.019,0.128,0.222,0.0,0.536,0.907,117.574,1DfWmv1eJU1a9tuGpqKGFP,223680
208,0.319,0.858,-9.913,0.0839,0.00381,0.232,0.664,0.471,106.231,7blY9jGplyzTiS2qltyfFe,280267
209,0.364,0.865,-7.328,0.114,0.247,0.0209,0.0936,0.554,111.15,0xKcrFF5ed7U4EPdG6vE4f,265587
210,0.418,0.741,-12.746,0.0864,0.0204,0.0319,0.261,0.514,132.065,7uQcSTXM4q7tGzguGVeLtX,215133
211,0.486,0.963,-5.586,0.129,0.248,2.39e-06,0.158,0.533,113.133,1ntxpzIUbSsizvuAy6lTYY,146573
212,0.532,0.829,-5.659,0.058,0.018,8.37e-05,0.229,0.848,133.334,2TKtQAy9VKwq3Kh234uE85,215707
213,0.341,0.814,-10.19,0.0827,0.000366,0.807,0.128,0.695,110.716,4Bp3SVvfb1dbq9UWuABAPt,432760
214,0.354,0.741,-6.389,0.0806,0.018,0.0134,0.0753,0.596,142.348,0uco0wQkB909zpPlHvu5Cc,251013
215,0.517,0.703,-11.767,0.0709,0.0762,3.22e-05,0.141,0.811,121.14,2AKcU2vk8MJrmXdRM9jwBU,284333
216,0.357,0.969,-4.99,0.124,0.0134,0.0677,0.141,0.704,149.741,3f5JtAsGRIXN8pSAeTi6vA,222293
217,0.46,0.72,-11.263,0.0525,0.242,0.00831,0.528,0.59,123.548,11t59LqOhOEG40yqALXZon,249920
218,0.365,0.848,-8.122,0.0624,0.276,1.33e-06,0.0911,0.59,108.549,6b2lxeLa8rNPpROH9bVLRo,173707
219,0.277,0.479,-8.483,0.0495,0.585,0.0224,0.16,0.483,53.905,3XxBSvDZKH5YvZZjTpn6eR,230360
220,0.214,0.91,-6.662,0.389,0.477,0.00833,0.0517,0.448,175.549,2AxCeJ6PSsBYiTckM0HLY7,313373
221,0.354,0.707,-10.844,0.0353,0.24,0.586,0.652,0.744,105.965,6qKlw6TyxVkaUZrlJYP8xD,232507
222,0.519,0.785,-11.111,0.0512,0.0468,0.00823,0.176,0.67,111.423,7emVwhF4OMemAT65nbpuZO,206133
223,0.371,0.695,-7.428,0.0851,0.0131,0.00275,0.301,0.577,146.69,64ICrhXuANvFTmJutuZJ1k,245760
224,0.461,0.714,-9.159,0.313,0.504,0.0171,0.684,0.454,94.372,3qebSLgUwaEqbwCM5sj5Kh,168920
225,0.386,0.536,-14.151,0.0546,0.229,0.0123,0.11,0.31,133.451,4m6KlFD4eMiQFzh4IVVFVm,265813
226,0.507,0.847,-5.987,0.0411,0.0751,0.237,0.372,0.566,98.096,23MrkN7g6Q5U7GLIxNHN1B,198773
227,0.277,0.479,-8.483,0.0495,0.585,0.0224,0.16,0.483,53.905,3XxBSvDZKH5YvZZjTpn6eR,230360
228,0.499,0.495,-10.508,0.0501,0.348,0.0286,0.2,0.339,80.086,5H6Jp0syB5yEPk7SWYdlmk,200733
229,0.371,0.634,-7.648,0.0277,0.146,0.011,0.104,0.568,84.977,4DmBVImaIhE3RyNvbtZTTz,341800
230,0.417,0.0509,-19.939,0.0644,0.966,0.368,0.113,0.289,65.692,2qbPX1fQUyknyc7cZw2L8W,259073
231,0.32,0.11,-21.339,0.047,0.926,0.817,0.0995,0.169,61.852,7qLzoarYodaUHezJvndAdK,312453
232,0.493,0.347,-15.713,0.0363,0.906,0.941,0.144,0.284,112.818,56OCZENfcrmeCpufvWZd0P,283999
233,0.748,0.143,-16.502,0.046,0.979,0.879,0.113,0.428,126.439,4q4emoW3IX2eHhY3sVkudj,177500
234,0.388,0.337,-13.437,0.0288,0.252,0.899,0.108,0.209,92.526,7eTxWRSvauWm5L3FblGk2h,298000
235,0.665,0.248,-13.717,0.0398,0.935,0.888,0.103,0.561,74.023,7sjZIf7J5FQlNQrOQWODai,259787
236,0.407,0.0241,-18.739,0.0347,0.978,0.565,0.101,0.163,110.375,6sJUbzyzNOrAt9dr3pkOPk,672520
237,0.502,0.288,-12.457,0.0375,0.707,0.952,0.12,0.274,126.728,67gegBlOgrRPHhfLfb3CEj,323520
238,0.543,0.174,-13.936,0.0347,0.947,0.0615,0.123,0.049,110.541,0H7udegVzTRxIYzPXoBvkI,268082
239,0.43,0.124,-14.14,0.0344,0.956,0.0561,0.123,0.224,111.024,069VcK8RjjzhZK3UT3A8ja,340760
240,0.533,0.178,-20.247,0.0393,0.912,0.894,0.082,0.0987,108.285,5P0RMEJOgtGcZIq5wYjYei,303458
241,0.415,0.0428,-22.887,0.0491,0.99,0.887,0.0882,0.0777,73.117,5AbvIJTlfp52S6b9WipNBC,163947
242,0.432,0.137,-18.125,0.0311,0.956,0.168,0.0873,0.271,94.819,2UqYwWfjMDyCRnJc1Eebnn,217800
243,0.384,0.39,-17.377,0.0275,0.84,0.899,0.102,0.687,105.386,1w8AuoB6mjP8MsnHRoDSkW,332392
244,0.414,0.157,-16.115,0.0325,0.915,0.015,0.0588,0.124,64.082,48PojLpjonNmPElm0ntohW,320356
245,0.243,0.0652,-21.076,0.0354,0.962,0.497,0.115,0.0419,78.164,0mF2uLwZb2puMEiKI3hVYT,223453
246,0.482,0.0767,-24.368,0.0348,0.773,0.0769,0.171,0.0546,115.525,58XU0SbMcLJIFzrNXYhlX4,319707
247,0.471,0.283,-15.997,0.0308,0.927,0.671,0.13,0.23,130.373,5o7zflAK8LxDYuqpSDmwhM,322362
248,0.356,0.0609,-16.031,0.0359,0.945,0.567,0.111,0.171,96.859,2b908yzXY8uzaD4gMDcc8G,371120
249,0.615,0.124,-18.408,0.0428,0.793,0.0796,0.108,0.319,126.548,6BnDMyRz4KY8g9SoWlUfjq,393000
250,0.399,0.0369,-24.292,0.0365,0.981,0.894,0.101,0.04,107.384,3KGpKf2fo1UM661ptimvoD,342000
251,0.669,0.183,-21.825,0.0433,0.901,0.895,0.126,0.428,85.991,5Awwc8XXZPub32TbLWyOPp,235773
252,0.405,0.354,-14.391,0.0354,0.828,0.816,0.104,0.256,142.061,0QTq57fazdnHads8lz3G9G,324696
253,0.308,0.165,-20.392,0.0384,0.724,0.889,0.078,0.0409,81.122,5ntssQtDHWUdKBYiQDQP5I,223707
254,0.494,0.31,-16.831,0.0574,0.597,0.125,0.0969,0.364,96.438,6WaLMmbnmG1T2HWm5hwKOU,276040
255,0.45,0.0944,-26.006,0.0359,0.917,0.866,0.0958,0.511,88.236,6YDi1zFfIPb5DxYPLKPF3s,333213
256,0.557,0.173,-16.243,0.0339,0.957,0.929,0.0904,0.207,62.002,7q6UmBKNhBLgMt0dg9UKr2,347240
257,0.661,0.155,-20.282,0.0452,0.862,0.867,0.122,0.415,132.597,6teUPQnEbgYScxhKjVNcOc,185613
258,0.648,0.264,-16.183,0.0441,0.826,0.836,0.106,0.545,137.367,3wM2sEe8qcWoAZWlXB6pj1,180464
259,0.6,0.579,-12.407,0.0359,0.512,0.865,0.107,0.719,114.492,1KFhl1VNM6z4bpqAQETzTN,294139
260,0.583,0.0238,-32.244,0.0369,0.994,0.847,0.103,0.426,108.74,5RqKo9P4DLA0bVyY70cWkr,131923
261,0.296,0.00896,-31.948,0.0394,0.994,0.91,0.0815,0.0673,69.44,43bSKCMWHIuBsUVmQcDX1J,257000
262,0.103,0.00526,-29.845,0.0468,0.989,0.839,0.0997,0.0433,82.597,6a3LTwG4gwiC62EUNff5AD,118853
263,0.458,0.0259,-27.928,0.0502,0.964,0.828,0.108,0.204,123.716,0scC8HqVaRe04wA0EeAZLp,295547
264,0.233,0.00786,-31.624,0.0528,0.958,0.905,0.106,0.0686,132.011,171fKTIvL8wDal3N6Uv0Bk,262000
265,0.175,0.0283,-26.8,0.0405,0.986,0.873,0.0721,0.0328,67.495,7dZyWWwjruK9YiJiN9mbMC,281667
266,0.114,0.0701,-23.417,0.0445,0.87,0.431,0.0916,0.0371,89.33,7pgJTa3eZM4kkT2vsZUmFt,331933
267,0.235,0.0561,-23.311,0.0442,0.95,0.29,0.119,0.0518,107.619,6aANvQTjMgtOlCAaHlYcyn,271560
268,0.205,0.0525,-23.841,0.0327,0.98,0.906,0.103,0.0511,88.316,419qlOGNXoyICx4jO0hqaj,174653
269,0.357,0.136,-21.212,0.0618,0.921,0.00342,0.264,0.409,88.931,7staad9eqX2BbnJBQ8m9tc,194946
270,0.0891,0.0894,-25.653,0.042,0.936,0.748,0.416,0.0728,80.828,6t7lMFHSifu9j8NPMNCv9T,284000
271,0.332,0.0525,-24.1,0.0388,0.991,0.891,0.0683,0.097,78.853,2k2MprlqkmDMKKOOWGREzW,158600
272,0.476,0.000707,-36.606,0.164,0.864,0.299,0.104,0.27,68.311,2Lio4KTzsA8BPLhXmyo4CQ,647973
273,0.219,0.0153,-33.563,0.0346,0.994,0.923,0.0934,0.1,57.439,7BpDcPsVqfMgHdVglLK3Kt,312757
274,0.487,0.00409,-38.66,0.0612,0.985,0.894,0.0965,0.16,115.369,3iWo5Y9DpJNdFI3lERYgEy,242811
275,0.371,0.131,-23.899,0.0422,0.898,0.925,0.0847,0.0656,106.872,4PRnYCH5hoxypKVcOBvx3a,442693
276,0.263,0.388,-11.125,0.04,0.266,0.0874,0.0933,0.152,137.852,6xdhAIbohZbctt3rstAsnH,231732
277,0.072,0.0538,-25.076,0.0462,0.974,0.822,0.101,0.0618,68.007,1xKqK9hrIRN0rnHbRfmbv5,189000
278,0.258,0.0238,-28.865,0.0428,0.994,0.904,0.106,0.0757,140.596,4XPq8MBYuWi4Z5PzmebwYo,182647
279,0.577,0.0227,-23.993,0.0419,0.992,0.895,0.0857,0.179,112.226,50mxnK4endZNXF00cyoKh2,146827
280,0.404,0.0409,-32.98,0.0433,0.989,0.908,0.0889,0.264,142.235,3hWbgzfP4jE9rd6Tathuig,259375
281,0.398,0.0252,-26.613,0.0624,0.992,0.914,0.108,0.117,74.696,7yNdc5jF4CAe2TzFadHPKK,291319
282,0.426,0.0616,-32.623,0.0417,0.996,0.907,0.0945,0.516,134.44,6LKYTKdEEgikRjVjKXj3d9,182373
283,0.402,0.0275,-25.462,0.0686,0.963,0.896,0.125,0.365,76.219,0fqveSCZR2TqGAtEid72Ua,73679
284,0.309,0.0108,-36.169,0.0478,0.994,0.929,0.0565,0.2,128.544,76PT3Wp1xEYDkMFeLj5H8d,156467
285,0.464,0.0216,-25.896,0.0466,0.987,0.863,0.0974,0.235,101.965,21Fs9UuXGoESVVESdWTxZ5,212040
286,0.522,0.0308,-26.86,0.0641,0.995,0.915,0.0805,0.313,72.551,0ftAOThcYwpSDapJhDOy7o,284000
287,0.392,0.501,-12.513,0.146,0.682,0.909,0.442,0.113,152.481,6Olyr6tQ7DKWPJro6nn35C,246760
288,0.184,0.0365,-28.57,0.0451,0.978,0.000201,0.0691,0.0352,92.433,4VpLwqzkob5lUeTE9rCqcK,134929
289,0.206,0.0645,-25.162,0.0396,0.985,0.894,0.138,0.0398,79.757,3hgRiVuiBWVbpd4kBQD68m,205560
290,0.282,0.0714,-26.705,0.0532,0.957,0.288,0.113,0.108,90.298,4aGi0uWDjzW8asTmAlBJrg,173000
291,0.254,0.0681,-25.069,0.0346,0.971,0.92,0.19,0.0916,100.078,6qRi4Nuw8lU4pn0kK3LGJA,182333
292,0.382,0.49,-12.627,0.0394,0.816,0.921,0.276,0.241,80.069,6VbKfs0qEJBUfICAyon04g,290992
293,0.165,0.0239,-26.612,0.045,0.995,0.922,0.0966,0.0953,66.737,16xQMSrDSEWP5Lp8GrHGcu,418227
294,0.39,0.0235,-32.271,0.0474,0.986,0.954,0.0646,0.189,80.233,62Boz6NDFyOT3tKkSWis2E,108053
295,0.159,0.175,-19.99,0.047,0.819,0.933,0.107,0.114,181.043,3l8h6urWQ8SxZINH323Zc7,158933
296,0.401,0.0127,-23.075,0.0586,0.995,0.906,0.0859,0.0691,130.857,16lscXk0JZ078EVRAIN7Bs,379667
297,0.28,0.103,-19.187,0.0391,0.982,0.958,0.0668,0.153,58.445,7mX2xUpAPaMVh0zHhGoDkC,203926
298,0.304,0.04,-23.131,0.0428,0.977,0.895,0.108,0.181,139.544,6TS1h31F8I9SIBIwIvdKYk,237480
299,0.354,0.00717,-23.13,0.0413,0.987,0.671,0.0959,0.116,80.517,5BmNj3cDAyqSFw69VY12WU,212991
300,0.323,0.0186,-28.248,0.0477,0.99,0.934,0.105,0.126,85.228,6GLy7czJd5VC2Jf47lpj12,207640
301,0.543,0.0449,-26.709,0.0374,0.932,0.9,0.0986,0.0745,146.132,7AEf1Jc3htMKTWmFZOOGtR,189364
302,0.193,0.0656,-19.239,0.0471,0.995,0.829,0.119,0.0359,128.975,46tPGzCXCI2oKsemztDA9u,402493
303,0.168,0.00571,-36.245,0.0404,0.995,0.92,0.068,0.0705,78.043,4ObQ0m7VUtrgdEwpFeCKua,181693
304,0.172,0.00592,-35.553,0.0454,0.975,0.000263,0.074,0.233,73.816,6IUfNz7B3fwyI4FWPJdFWe,99244
305,0.151,0.0857,-25.567,0.0521,0.984,0.0636,0.0899,0.0621,78.785,6brnswWmZ8Xdf4MWeskofY,218107
306,0.266,0.00361,-29.735,0.052,0.995,0.925,0.0723,0.0631,94.861,29S6PLRccSCyKozzwIik0J,160453
307,0.156,0.0645,-24.416,0.0516,0.993,0.9,0.0757,0.0363,89.281,14DLTNK9HrUbwJM0H9FGxI,109493
308,0.195,0.0429,-17.829,0.0381,0.879,0.00057,0.0787,0.0394,75.159,7f6yQYQ600Klj3v56omFJR,250800
309,0.213,0.0868,-27.444,0.0413,0.952,0.907,0.111,0.44,138.349,6sLr7HzQe2xQVhBmhrT3vU,163733
310,0.246,0.0735,-24.199,0.0675,0.994,0.894,0.0775,0.0378,66.541,7auzpFwCwJhgwkQ8jQdtWb,161520
311,0.152,0.0274,-29.234,0.0478,0.979,0.895,0.107,0.0398,88.171,3mk0kPavvau5tz8b174cdl,300232
312,0.37,0.0076,-33.663,0.0384,0.995,0.91,0.0864,0.278,62.668,3NbAsIxDL0fVgNuCLD152P,176518
313,0.106,0.132,-15.584,0.0531,0.894,0.632,0.127,0.0398,66.638,0RpkVigRs7isnjAaK6WOdQ,328894
314,0.406,0.00921,-31.822,0.087,0.984,0.906,0.0953,0.303,80.507,2Imxyb3LiuXsDFo7Gq5YDs,215800
315,0.209,0.0193,-31.754,0.0413,0.952,0.0125,0.296,0.0603,100.426,2oBEw0ppansoY565M3QSjZ,192373
316,0.197,0.00138,-43.657,0.0505,0.992,0.86,0.0508,0.228,72.243,7wimV3Cs7awovZner8YvD5,220827
317,0.239,0.0142,-29.65,0.0438,0.995,0.894,0.0659,0.306,172.559,2Tz7fLm0pWasWCCfJiHPlJ,243373
318,0.288,0.0386,-26.513,0.0374,0.976,0.937,0.103,0.133,132.239,5liyqr2PFQKbYPKRAjedvq,142480
319,0.321,0.0272,-25.066,0.037,0.993,0.919,0.0947,0.0632,74.69,4h4py9AzEuUGBTJZO4ifnm,221732
320,0.235,0.183,-15.257,0.0438,0.918,0.229,0.0985,0.0458,97.898,0enxWAXiYB6JEVqzIRgDba,193320
321,0.505,0.433,-13.923,0.0343,0.875,0.907,0.111,0.145,133.999,3bagw7W1Q4nsecXdDV5CAx,155805
322,0.174,0.143,-15.095,0.0495,0.92,0.857,0.119,0.0456,75.639,5TglMMqjxSaHE9j4iIoJZt,252920
323,0.245,0.077,-25.633,0.0305,0.957,0.843,0.121,0.0677,73.999,2tJBG2m6K5jUKxzyTZm9Z7,321820
324,0.102,0.0419,-24.896,0.0485,0.977,0.834,0.0866,0.0406,170.8,7oenWdkfvoEySYVc0rH6Cq,261720
325,0.246,0.144,-23.904,0.0456,0.994,0.902,0.0908,0.0558,66.196,2mTYDD0oiG5L4BEvMPZsOO,36453
326,0.199,0.0677,-20.879,0.039,0.786,0.738,0.225,0.145,78.866,2LiWNkeUOAeibGxJKxmjsD,307827
327,0.249,0.225,-16.879,0.0343,0.901,0.89,0.0987,0.158,77.956,5D6GPHLuelrjivumi4YWwt,279930
328,0.183,0.0157,-25.289,0.0374,0.993,0.962,0.0839,0.0373,73.068,5J43zdQTc8ekUdknGU6c5M,149200
329,0.151,0.0472,-25.197,0.0452,0.924,0.818,0.0716,0.0471,139.44,1xxtp0zJZNTyMeE7vzKBOW,156333
330,0.294,0.00785,-29.64,0.0667,0.994,0.956,0.0929,0.173,70.958,1PINN6x0Riouab3wPSglpp,158520
331,0.484,0.0193,-25.031,0.0477,0.993,0.936,0.0706,0.0732,70.447,4kRZaiCbkpJWo6yxjuUrAF,223653
332,0.2,0.0783,-24.392,0.0596,0.933,0.165,0.111,0.0406,97.801,6Teem6p2CvvB9HDr2MUBq4,372840
333,0.0979,0.0801,-19.643,0.0458,0.941,0.431,0.115,0.0608,75.314,7nGA1sRfLDWXYb3VPstnZf,192420
334,0.285,0.00453,-29.871,0.0459,0.995,0.845,0.109,0.0587,70.075,7msmTNDbP3QWWuevPxcm48,230181
335,0.384,0.0414,-23.019,0.0378,0.992,0.897,0.0684,0.0618,71.224,5Pl2CXDkaP6WEnJ0bpKGOm,326520
336,0.219,0.154,-18.17,0.0389,0.841,0.855,0.164,0.108,123.625,3Hcn3NlLeDU4uQf0qJaaMt,616187
337,0.223,0.227,-17.695,0.0343,0.871,0.891,0.063,0.127,103.618,0XSRBlP49MgzBCYtGK2NYE,469053
338,0.177,0.127,-19.167,0.0394,0.903,0.901,0.114,0.0612,149.698,6HknRM996YMa7VSBFYlnPJ,485667
339,0.366,0.0433,-30.56,0.0416,0.99,0.903,0.085,0.356,88.452,7FTzC8srNaQ0fTNOCyPeib,204007
340,0.0989,0.0176,-30.951,0.042,0.978,0.651,0.0763,0.0351,89.327,3gEyQ5y2NvIaqfTG4VU98n,272440
341,0.099,0.0567,-20.712,0.0398,0.96,0.81,0.104,0.0456,82.744,3Ii2KG3YLrC0KNbuJKAFj2,170400
342,0.152,0.0104,-29.801,0.0348,0.981,0.00198,0.12,0.0345,103.39,7lCXrO0Axkl0l0TjCOkFLN,332720
343,0.183,0.0465,-22.96,0.0462,0.671,0.795,0.0994,0.151,88.055,5jhPy1TXr41vrh6NsUSdCc,250333
344,0.119,0.031,-31.179,0.0483,0.964,0.165,0.111,0.0388,88.858,123zFAGx0F5ScgrLrCWGDX,156573
345,0.23,0.2,-18.457,0.0404,0.931,0.934,0.0855,0.185,103.923,18ZnvEB9bxLnvSogWRek79,204373
346,0.125,0.0734,-21.889,0.0351,0.553,0.875,0.176,0.0347,96.982,7BmRd83zm8CHffrAPe2ZR7,710000
347,0.134,0.177,-16.486,0.0429,0.547,0.356,0.108,0.0639,86.181,3POuw6qjxYxsySeGC3my1c,176547
348,0.201,0.0113,-37.468,0.0447,0.971,0.000853,0.0678,0.0387,128.673,3U34uG4BRoMb0lrlrOhtxC,201000
349,0.176,0.132,-16.932,0.0408,0.953,0.586,0.0886,0.0835,74.287,7x5ULIYm82gnWvhYCXfzyj,119627
350,0.0986,0.0949,-21.002,0.0441,0.993,0.353,0.0847,0.0363,174.628,1aJcDNDrKduMegTZzOemVd,232667
351,0.625,0.351,-15.884,0.0423,0.878,0.938,0.0569,0.794,116.961,1bTXAKwE2Hztv13xTAhMQB,191493
352,0.428,0.237,-13.764,0.0351,0.987,0.896,0.0849,0.357,79.904,64ta7ZvTJeThz7Ns4LmAHS,460027
353,0.39,0.0462,-24.885,0.0429,0.976,0.624,0.0893,0.305,79.268,2z7iDr3N4NbW4VmwpQWbTS,307893
354,0.262,0.107,-17.973,0.0448,0.959,0.463,0.195,0.136,76.65,2Cc5z5swQrDqZiyCkZ0TnF,147040
355,0.354,0.208,-17.761,0.0388,0.948,0.918,0.0802,0.327,148.049,1SHixA41Vy0TTlJJSX9Gbo,431787
356,0.235,0.166,-19.632,0.0347,0.992,0.87,0.101,0.0356,101.182,5bi8ryL6gy6a1BRXOf43y9,295560
357,0.443,0.177,-17.215,0.0361,0.842,0.762,0.0998,0.367,74.39,2842sfEeH0y3YinrowwkX0,381452
358,0.38,0.254,-24.967,0.0365,0.992,0.926,0.117,0.805,101.1,0nrCOJpS3gpwLvoANVZEeJ,206427
359,0.164,0.0185,-30.778,0.0412,0.988,0.888,0.0801,0.078,86.65,5a0nC0tGDJBpGMZu3PeekY,157067
360,0.5,0.0123,-30.17,0.0712,0.995,0.954,0.0748,0.313,130.128,18QVbIw5S0MJHGWF2qLX75,186840
361,0.0704,0.0657,-19.466,0.0387,0.948,0.874,0.108,0.0361,61.017,36ArELybUeOgq9TCjrMsIb,1150160
362,0.0667,0.047,-25.426,0.0425,0.928,0.9,0.0652,0.0281,75.446,5NQ41wfi4Pykv4eDTlAoIs,596000
363,0.354,0.0179,-24.846,0.0385,0.982,0.906,0.0831,0.0381,61.202,1EGFCxKCQ3isMnlPzEW8G1,334053
364,0.59,0.00399,-36.497,0.242,0.996,0.946,0.0683,0.182,74.381,7kTVe6XhIveidvkt8nb7jK,219760
365,0.441,0.319,-13.99,0.0392,0.829,0.0,0.0765,0.671,99.419,3nxaPqAOxUxkLhIhbvmv4t,453507
366,0.11,0.128,-21.281,0.0458,0.979,0.871,0.368,0.0398,81.059,0iEIVX3DPGPX3ESUEXNsQv,649200
367,0.102,0.0259,-30.196,0.0444,0.964,0.864,0.0972,0.0319,90.128,02dVj5B3vXOjylEFYCCsYQ,644333
368,0.106,0.227,-15.286,0.0462,0.877,0.738,0.112,0.0391,59.94,1t4F79zRBJTwZAzmbO1LI0,530280
369,0.233,0.0637,-22.57,0.0373,0.918,0.947,0.118,0.268,135.338,2f0RHvSl1vVGsnT9oxOHsS,180000
370,0.375,0.121,-23.44,0.0406,0.984,0.871,0.0984,0.453,147.398,0Gh45IbIKOG9IucFfrZqLT,424307
371,0.444,0.116,-23.172,0.041,0.977,0.868,0.0862,0.512,150.319,06am46cX3Z6YlSsg0TyVHA,145613
372,0.159,0.0401,-27.516,0.0446,0.984,0.76,0.156,0.106,106.239,67TCAXIe154ZGDNaWceqxC,462627
373,0.548,0.208,-21.278,0.0421,0.764,0.22,0.0929,0.79,144.352,4ZP3UMVksKg07IeeAjHkEy,230507
374,0.0874,0.0474,-23.13,0.0532,0.924,0.768,0.149,0.0331,72.393,7wvy3ROg2vEJyWgjDvMD8m,236827
375,0.37,0.248,-10.47,0.0371,0.965,2.12e-05,0.0911,0.384,133.33,5cR6xfzyicyDyAr52zB48k,141600
376,0.191,0.0946,-25.59,0.037,0.99,0.933,0.101,0.348,111.21,1Q9JMojxHHF6JbEJAKJLgj,100347
377,0.129,0.00212,-43.738,0.0417,0.866,0.662,0.082,0.039,99.253,1CDEWKmyRTPWWa7uIKVSU4,208067
378,0.123,0.225,-16.798,0.0351,0.73,0.509,0.0658,0.055,78.132,0mTUTkFQ2MxmUHFL8EdfeR,192453
379,0.194,0.101,-21.772,0.048,0.931,0.714,0.221,0.074,91.74,5UUNrbwbYIkNshq22NNKrX,266733
380,0.24,0.0834,-29.545,0.0499,0.978,0.944,0.0804,0.188,169.621,4VVEfBXep7FdOt524jkfLF,159320
381,0.405,0.318,-17.14,0.0565,0.938,0.723,0.284,0.342,151.434,7hOLwSaTSkrqxSMzj4bXI1,424653
382,0.291,0.0981,-23.156,0.0398,0.95,0.865,0.275,0.194,138.168,76i4IBw3KsuDw783tvHB0e,249640
383,0.0992,0.226,-14.84,0.0339,0.937,0.903,0.183,0.0605,79.518,53ann6bENp7BF8uklrzQAp,256493
384,0.339,0.0937,-20.267,0.0394,0.931,0.293,0.252,0.458,123.048,0qFZYO72iBOhW7X6KbL44Q,167640
385,0.457,0.757,-5.177,0.032,0.0206,0.0,0.146,0.417,102.961,2ihCaVdNZmnHZWt0fvAM7B,266600
386,0.551,0.881,-6.099,0.0542,0.186,0.0791,0.152,0.387,88.036,7zwn1eykZtZ5LODrf7c0tS,153000
387,0.345,0.941,-9.918,0.0466,3.84e-05,0.633,0.0511,0.407,179.626,7EkWXAI1wn8Ii883ecd9xr,147062
388,0.391,0.808,-6.209,0.0892,0.0759,0.0,0.149,0.737,100.304,7BHPGtpuuWWsvE7cCaMuEU,203507
389,0.549,0.754,-4.011,0.0407,0.000675,6.24e-06,0.0912,0.828,139.052,4JHg4nNYUJQ5HULcCmI18R,189693
390,0.277,0.663,-8.821,0.0377,0.000409,0.00051,0.136,0.527,104.561,20I8RduZC2PWMWTDCZuuAN,237027
391,0.551,0.819,-4.489,0.0525,0.0103,0.0437,0.153,0.846,174.917,2DrGEaqoruCSn0FffWCf5O,137760
392,0.489,0.649,-5.11,0.0336,0.000603,0.713,0.101,0.77,158.009,57Xjny5yNzAcsxnusKmAfA,219827
393,0.489,0.769,-3.524,0.038,0.00135,0.56,0.0727,0.637,128.985,4absiGHMelB8eH976ytjBj,215827
394,0.368,0.936,-3.207,0.0623,0.0146,0.00192,0.0923,0.568,164.427,2EtZFeLn9msgg4qJzT9Vql,203733
395,0.401,0.933,-5.682,0.0344,0.00744,0.627,0.318,0.734,127.193,0xOeB16JDbBJBJKSdHbElT,310893
396,0.531,0.711,-4.933,0.0398,0.000204,0.00291,0.108,0.279,155.068,5ykbOijJEfRhuo2Td1m0Qd,256307
397,0.542,0.531,-7.481,0.0301,0.0033,1.51e-06,0.338,0.671,105.97,56NkIxSZZiMpFP5ZNSxtnT,183391
398,0.416,0.827,-5.177,0.0384,0.00428,0.000242,0.277,0.87,169.902,47TQjzeG4KI0XWWb0wkbri,236712
399,0.634,0.599,-5.447,0.0365,0.0288,0.0,0.197,0.312,112.215,2fyIS6GXMgUcSv4oejx63f,175440
400,0.331,0.961,-4.627,0.0663,0.000146,0.0,0.322,0.882,168.355,6gGSSrKMiV2yec1DrqGhhy,161720
401,0.356,0.872,-7.837,0.068,0.00417,0.00975,0.0997,0.607,166.3,5G1sTBGbZT5o4PNRc75RKI,193653
402,0.438,0.94,-3.249,0.0452,8.74e-05,0.0777,0.3,0.421,100.99,4iG2gAwKXsOcijVaVXzRPW,261000
403,0.459,0.883,-4.1,0.0476,0.000491,0.0267,0.118,0.338,147.943,1rcu88dzWE5GyqtpuWvd0C,237533
404,0.324,0.772,-6.95,0.0371,0.000609,0.173,0.12,0.291,135.737,51xBgzcyzojRpqFW2ICQAB,343627
405,0.591,0.939,-4.911,0.0533,0.000156,0.0111,0.0882,0.856,150.249,6U5hUX40OWY6l0HaPUWElZ,200400
406,0.545,0.873,-5.193,0.0825,0.0263,9.1e-05,0.145,0.748,150.841,2Uf9WTBWMA8S9Lh3k3Rui6,208973
407,0.535,0.948,-4.19,0.0356,0.00225,0.0,0.376,0.778,103.183,3DQVgcqaP3iSMbaKsd57l5,173680
408,0.624,0.91,-5.703,0.0297,0.0285,0.000198,0.0789,0.767,104.042,7kzKAuUzOITUauHAhoMoxA,193051
409,0.37,0.941,-4.783,0.0602,5.26e-05,0.675,0.0732,0.382,120.501,2urZOEgVXM7rj59Ui0FuNn,251547
410,0.446,0.91,-4.481,0.0652,0.000254,9.76e-05,0.077,0.325,133.053,1B241LRKmK6qDDTZfUajmm,236887
411,0.41,0.803,-5.363,0.0623,0.239,0.0,0.103,0.814,153.315,5xoUgPXbMNUmoHU0Enwtwq,169307
412,0.596,0.894,-5.407,0.0265,0.00878,0.00659,0.104,0.572,132.994,36PQh1G6h7n9VWB799fXpI,260387
413,0.395,0.979,-3.241,0.0766,0.0243,0.0,0.12,0.41,158.842,75D3n6wnFQmu1HVmLAlWM4,233187
414,0.579,0.917,-5.4,0.048,0.0306,0.000579,0.143,0.387,121.989,11EOvxJRG665bwRU0z6YVa,190867
415,0.502,0.941,-5.194,0.0716,0.000346,0.319,0.553,0.124,119.783,0hDQV9X1Da5JrwhK8gu86p,219987
416,0.451,0.931,-3.871,0.0719,0.00076,0.0049,0.361,0.172,122.961,1jJci4qxiYcOHhQR247rEU,302840
417,0.654,0.828,-5.377,0.0281,0.00146,0.000144,0.122,0.79,112.056,2x8evxqUlF0eRabbW2JBJd,183893
418,0.585,0.717,-8.379,0.0311,0.0561,0.0148,0.366,0.636,111.563,7uMZy0bALAdneerERyr7Ks,450984
419,0.526,0.723,-5.59,0.0294,0.3,0.00698,0.058,0.744,159.685,04uR2cdkgiaLIzebPcs25m,246213
420,0.555,0.881,-2.332,0.0332,0.0598,0.628,0.369,0.676,118.671,74tnaKUsXIXeY3ryb9pfjG,247907
421,0.471,0.75,-4.864,0.196,3.13e-05,0.103,0.271,0.652,162.944,4N90LxX3kWhJucPQ484Qy9,175907
422,0.452,0.805,-4.368,0.0299,0.00551,3.18e-06,0.221,0.708,114.431,6gaWfLDoeG1eoiDAVBN4i8,246120
423,0.691,0.631,-6.478,0.0368,0.0483,1.13e-05,0.104,0.8,92.004,086myS9r57YsLbJpU0TgK9,161124
424,0.211,0.849,-3.994,0.116,0.00605,0.000436,0.263,0.59,175.616,4KspXoCVJXGY1VrvEe1Hdm,180267
425,0.463,0.836,-2.776,0.0381,0.000418,7.38e-06,0.25,0.713,141.955,6BqWhxll86CGGE6WxgdRqG,165120
426,0.231,0.919,-6.182,0.0722,0.00313,0.00442,0.0643,0.128,146.94,78tgXRq9Q6tPNP9hKCpgwB,300720
427,0.659,0.591,-6.713,0.0313,0.441,0.000861,0.0862,0.707,121.14,73M2Vb5MfZh8iGKudkMtlw,245640
428,0.348,0.875,-4.758,0.199,0.0341,0.0,0.117,0.407,169.152,2zzLRQ78kKfPTx8FJQCdC2,202133
429,0.647,0.532,-5.464,0.0282,0.0112,0.000271,0.1,0.621,96.979,5cIWkWH6xVdEllQ9ksuu2E,187720
430,0.421,0.95,-4.603,0.0662,0.00145,1.1e-05,0.245,0.472,160.02,7MfNoHB8JRNbSQ8P3eAfMQ,192120
431,0.509,0.922,-2.823,0.031,0.0219,0.00117,0.496,0.645,92.5,3IXRdLsQib8m0hBbQpe7T8,218787
432,0.699,0.812,-6.005,0.0377,0.0164,0.000763,0.105,0.662,138.185,4dyx5SzxPPaD8xQIid5Wjj,276693
433,0.699,0.6,-6.328,0.134,0.00231,0.00963,0.114,0.586,142.037,7lnXzMcgaK7CnzaQ7wj6k0,148092
434,0.637,0.963,-5.116,0.0882,0.000286,0.000889,0.0449,0.823,150.1,5kxVyCgEUND7E2QKG7JmoF,165000
435,0.574,0.807,-5.319,0.0348,0.00117,0.0,0.127,0.656,134.972,3lHh76erVVIK364LN7KBRr,183852
436,0.601,0.37,-10.543,0.0343,0.834,5.93e-05,0.112,0.455,121.934,3B4eW2VXGdOdsbTyfF5oDE,233499
437,0.516,0.322,-11.762,0.0292,0.473,0.00194,0.215,0.261,148.005,2L9N0zZnd37dwF0clgxMGI,182888
438,0.733,0.721,-9.131,0.128,0.0135,0.00103,0.125,0.602,144.975,2hGchv7KYaINz9Z1qzufNm,137187
439,0.698,0.635,-9.093,0.0411,0.0766,0.00303,0.0983,0.273,105.995,5je2hi3IPkN0DnDKYpZWds,212065
440,0.656,0.838,-8.407,0.041,0.25,0.00281,0.207,0.74,132.981,3NanY0K4okhIQzL33U5Ad8,131253
441,0.651,0.508,-6.543,0.0324,0.428,1.22e-06,0.113,0.548,100.085,4whpHwKr9rH2MTFzXk7mkW,187100
442,0.392,0.541,-8.68,0.0641,0.102,1.02e-05,0.288,0.447,181.866,3PzeZR8CqtwXmSn5AVao7J,306656
443,0.617,0.901,-2.863,0.043,0.237,9.04e-05,0.55,0.617,100.012,4lAasiKJZR4CkDygazvpvB,155998
444,0.601,0.876,-2.75,0.0661,0.141,0.000919,0.13,0.622,129.996,6DcI73tbK4PoyI3GGV4zZS,179006
445,0.329,0.444,-9.973,0.0417,0.0578,0.0352,0.113,0.225,162.279,1170VohRSx6GwE6QDCHPPH,282206
446,0.492,0.807,-3.677,0.0854,0.205,0.00275,0.384,0.477,107.087,6luBKkFUt5wTwz7hpLhp12,229805
447,0.669,0.52,-9.599,0.032,0.198,0.0947,0.26,0.636,142.512,1Gvnzb3F9LghE6vaPC1qhI,189284
448,0.471,0.773,-6.862,0.0478,0.142,0.289,0.224,0.527,166.945,1PZhJNvdDjpsjZWrkfgff4,203876
449,0.612,0.598,-8.005,0.056,0.135,0.00423,0.106,0.186,179.965,1WdudtCCuMjsLNGgZwR1gd,173333
450,0.533,0.74,-5.767,0.0359,0.089,2.95e-06,0.337,0.465,89.934,2e2AXpIiJpet5b4qg85Gh6,185040
451,0.312,0.966,-1.431,0.123,0.0846,7.83e-06,0.235,0.454,89.514,6cJSXxvl9l94huIUIqsEQo,198027
452,0.51,0.934,-6.383,0.0406,0.218,0.00567,0.0747,0.74,156.861,0Mrm083tqUaTGUkiluSORf,240000
453,0.646,0.85,-5.466,0.0428,0.363,4.01e-05,0.0994,0.819,96.538,14dJexYlvd3t3XAtD1pYW1,212568
454,0.664,0.5,-6.935,0.0651,0.799,0.0,0.0966,0.801,117.896,0GNVXNz7Jkicfk2mp5OyG5,182347
455,0.548,0.456,-5.979,0.0703,0.813,0.00464,0.122,0.53,173.839,31Wlc9ZnraX3JxrvMg9e8H,209188
456,0.765,0.582,-4.528,0.12,0.245,8.21e-05,0.154,0.36,132.992,0PLhwCmQ7cC3ThRGPn3HxF,171280
457,0.404,0.268,-9.631,0.0341,0.583,0.0,0.102,0.124,134.587,4WjxtORnwPavm5PDsAWJEc,268433
458,0.54,0.11,-19.885,0.0328,0.498,0.000614,0.0781,0.172,76.068,7LNm1oWd6PniO9wRYpNY5o,290132
459,0.58,0.788,-4.714,0.259,0.0123,1.84e-05,0.368,0.72,148.992,7tLTxOJY6cjQz4aJYMs8Nu,182426
460,0.751,0.595,-6.422,0.0274,0.209,0.00268,0.0881,0.713,92.999,12UQIJePnGeLmpVReYpG2w,160493
461,0.638,0.404,-8.31,0.0292,0.407,7.64e-06,0.0961,0.406,115.007,40GNYv0ldvcenD3hxFp1Kn,206893
462,0.522,0.957,-4.924,0.0687,0.0515,0.0014,0.144,0.917,170.91,0eNfURq0r0oNSwFyw1VuVT,178618
463,0.686,0.682,-7.656,0.0459,0.0443,0.0131,0.43,0.854,84.985,0T7aTl1t15HKHfwep4nANV,192000
464,0.553,0.71,-6.657,0.0424,0.0118,0.00111,0.149,0.262,83.026,7GtOjSSp5Qyi3gNbNDZgja,227374
465,0.643,0.687,-5.265,0.0436,0.00312,3.43e-06,0.0714,0.208,121.975,56kItkqB3oSsLrXK4p3ja4,217126
466,0.763,0.777,-4.404,0.0541,0.0203,1.65e-06,0.0534,0.841,114.989,55RszydvrfNlZ2BQdF1c4q,232267
467,0.753,0.266,-11.453,0.0478,0.759,0.0,0.11,0.321,142.026,1WThEmIxSyaqG6fVsyCmcL,235035
468,0.692,0.627,-6.104,0.0564,0.0836,9.38e-05,0.198,0.36,118.0,4bp2wYweUPvsBrQfntdYcr,232625
469,0.595,0.891,-3.928,0.0353,0.319,0.0987,0.327,0.539,95.013,3lNBpsW30g2xSngVw2l1U7,211783
470,0.668,0.902,-3.924,0.0386,0.169,8.74e-05,0.198,0.913,119.008,0uBdQzKghx88d2Lp8SLFKJ,262624
471,0.795,0.584,-5.758,0.0396,0.172,2.99e-05,0.103,0.785,127.05,0ZpHuEhi1CvOJgrqOSy8mv,146274
472,0.657,0.657,-5.707,0.0478,0.64,0.0,0.287,0.375,130.002,4Z3Mmn6cIeuKprHQyyAbXQ,188308
473,0.658,0.408,-9.798,0.0287,0.0674,1.97e-05,0.105,0.201,112.97,4tpguuBe7cTThXmDCYSJZq,176547
474,0.657,0.655,-6.38,0.0348,0.0323,4.95e-05,0.197,0.63,133.012,77Gdk4vNjXNxQ3fTBu3Nbq,266400
475,0.706,0.617,-9.362,0.0392,0.106,0.000415,0.113,0.247,99.995,4Q5LWPIKCuV6LRdDeqOYM7,216375
476,0.647,0.591,-7.09,0.0304,0.0456,0.0108,0.143,0.512,127.999,2A6wArvnvzSSSrAtTgQL4x,176001
477,0.551,0.865,-4.616,0.0406,0.000668,0.0,0.108,0.702,140.036,7uTqmYA0sSjmDVpQNGDz7j,193836
478,0.762,0.564,-6.504,0.0353,0.137,0.00229,0.291,0.485,106.015,11xCgS8k2RSzgngwkOqJV6,221092
479,0.58,0.895,-5.224,0.0396,0.099,0.0117,0.0911,0.356,116.953,1SldN7GTd0ADTjspv96wCl,207813
480,0.67,0.624,-7.68,0.0294,0.116,0.00366,0.131,0.407,129.987,6GqesoY3jZD9BqT1v4UEmk,247375
481,0.677,0.428,-8.026,0.111,0.296,0.0,0.0728,0.504,103.522,26NhDr8bfNqIkmkFCoFdeI,179280
482,0.641,0.773,-5.182,0.0676,0.00169,0.000189,0.115,0.555,114.677,0MtRE3z0MqQp9ZgYVW9s8u,213025
483,0.552,0.653,-8.632,0.0523,0.29,0.00124,0.247,0.647,119.672,4E3JYij2hnEDDP0Rgwikq6,173320
484,0.852,0.376,-10.434,0.0485,0.408,0.452,0.0956,0.484,114.999,5vbnQr1tWSSREmcIONIUm9,187072
485,0.687,0.768,-5.898,0.215,0.685,0.000202,0.0904,0.519,159.009,2pCR7dwwRpeAAnpUr1Ekwz,167842
486,0.514,0.744,-5.507,0.0725,0.0499,2.7e-05,0.0939,0.618,170.06,7kqwuYDC4u3vgN1xevrmGp,266912
487,0.69,0.728,-5.684,0.0323,0.0173,0.00132,0.175,0.658,117.013,181PmaC6c39r59gfhDGKdh,235280
488,0.625,0.813,-7.734,0.0304,0.148,0.00232,0.114,0.393,94.009,1NtoOI83OIXz4NXPj2VaKV,214320
489,0.751,0.576,-8.055,0.0415,0.227,9.99e-05,0.0966,0.801,105.013,3se5Q9CtQLv26cFWYOcExQ,221493
490,0.63,0.468,-7.887,0.0485,0.365,0.00163,0.0994,0.648,172.118,2IKix80lBA5ppm6096p5U7,170488
491,0.539,0.709,-6.687,0.0321,0.154,0.0666,0.161,0.41,163.944,2TaCG1ArsxRsUyZhqy5jei,166303
492,0.824,0.618,-5.435,0.0656,0.0132,0.0,0.0872,0.676,120.028,7uvxkcv7FWVh4wE91I8Bi2,243236
493,0.654,0.772,-6.658,0.0643,0.164,0.00399,0.1,0.548,160.067,1JNVs1DgzDKcL83wiXjQMv,183114
494,0.407,0.258,-7.307,0.0305,0.894,0.0,0.0739,0.285,135.247,7N1tjTxJe6k5wakOqpNbCj,222651
495,0.844,0.421,-6.421,0.11,0.718,0.000303,0.134,0.741,140.064,4Xl7ibqczUliZV3RNOnBzq,207685
496,0.707,0.86,-5.69,0.0408,0.121,0.0,0.255,0.861,102.969,41aABK6UlttIeeGplvwW5t,190933
497,0.644,0.689,-5.977,0.0344,0.152,0.0,0.119,0.687,120.005,09IAjxegM08998hgb6ZScZ,167290
498,0.642,0.609,-5.929,0.0293,0.0116,0.00237,0.11,0.284,100.062,7JrYr89YEIGwWqiEFUlSvj,164197
499,0.706,0.751,-5.801,0.0829,0.114,0.0,0.0833,0.788,172.027,3rgnM3MBkpsuVeSwmtXYia,150707
500,0.702,0.826,-5.588,0.078,0.000416,0.596,0.0333,0.977,150.018,2JLjlI1OGUSHL32Ex733IB,151267
501,0.616,0.709,-6.819,0.0738,0.673,0.00198,0.0657,0.907,162.042,79oft65PDY4LL7MoLQ6Nxp,187850
502,0.653,0.758,-5.916,0.0995,0.00244,1.63e-05,0.129,0.228,115.998,5vYaBqOAT6JpZlAD3gO1AO,268993
503,0.662,0.6,-7.038,0.026,0.483,0.00741,0.174,0.445,107.952,7BvU5P5RgbZ12LJdpF4iPK,156142
504,0.612,0.684,-6.801,0.0316,0.384,0.0235,0.213,0.697,140.985,1WcVAZYGMKdd2cqeDpuDGI,163051
505,0.514,0.305,-11.26,0.031,0.747,1.58e-05,0.165,0.336,49.534,3X3cftpXwcSXQM4fC5ihdo,152141
506,0.657,0.737,-8.028,0.0574,0.0201,0.0,0.179,0.768,153.045,4DdNJPSeSHacmc04nlvwx1,133000
507,0.813,0.541,-10.949,0.059,0.301,0.000416,0.0668,0.235,129.956,0BwDF0PRX9skmZ0BUWmLOF,186644
508,0.657,0.689,-6.053,0.0812,0.00482,0.0,0.0692,0.438,104.963,3wrgRknQKf58IIEbV4flhx,199042
509,0.655,0.543,-10.159,0.0822,0.449,0.00486,0.098,0.337,135.97,2NrgoKvt52oUq4qufUAoMh,189561
510,0.785,0.572,-7.504,0.123,0.0598,0.0,0.218,0.49,100.016,7mWFF4gPADjTQjC97CgFVt,235284
511,0.762,0.766,-3.955,0.0343,0.00776,6.98e-05,0.128,0.442,130.001,5fwSHlTEWpluwOM0Sxnh5k,287120
512,0.789,0.694,-5.781,0.0729,0.0982,0.0,0.0962,0.549,96.035,5QXQy0f2q8wJNpPwJtjifx,341875
513,0.911,0.712,-5.105,0.0817,0.0901,2.68e-05,0.0933,0.425,92.005,6Sq7ltF9Qa7SNFBsV5Cogx,178567
514,0.327,0.941,-3.294,0.353,0.0231,0.0,0.0636,0.707,129.738,6ku3i5WNrsY3qhOq6ua9TL,199236
515,0.737,0.86,-2.652,0.0593,0.11,1.94e-06,0.0574,0.656,93.989,5w9c2J52mkdntKOmRLeM2m,193227
516,0.816,0.538,-6.354,0.0617,0.0142,0.000496,0.099,0.156,97.054,3gE4eQH3K83Sght0ZLvuBK,210368
517,0.842,0.801,-4.167,0.228,0.157,4.82e-06,0.0642,0.617,95.881,0KoiMHhqKLoL4xM54rcWYY,212500
518,0.61,0.624,-4.773,0.309,0.6,2.12e-06,0.243,0.244,176.169,2TH65lNHgvLxCKXM3apjxI,250534
519,0.894,0.635,-6.929,0.0473,0.193,0.00105,0.0823,0.428,105.013,14wf185UxfNbSy8dwt4r4q,249143
520,0.918,0.602,-3.986,0.115,0.401,7.28e-06,0.0805,0.158,96.518,42FWqCxAw5aG1FvjyVjIlH,275693
521,0.795,0.845,-3.809,0.135,0.105,1.14e-05,0.172,0.769,170.023,6DoL1yYIwEW7VZMRaJhoJI,254920
522,0.776,0.509,-6.266,0.467,0.192,1.49e-06,0.115,0.485,94.634,4w47S36wQGBhGg073q3nt7,129371
523,0.721,0.716,-7.037,0.0657,0.0334,0.00084,0.237,0.667,104.994,6cy3ki60hLwimwIje7tALf,221714
524,0.773,0.57,-3.482,0.113,0.372,0.00524,0.108,0.772,95.038,0FDMH2ahuIVzCybwHJK9zh,187125
525,0.635,0.902,-3.559,0.109,0.172,0.0,0.125,0.285,102.062,3eqOaTqnyb0GEgv6JInG6W,217822
526,0.594,0.808,-2.409,0.0489,0.415,1.39e-05,0.565,0.919,188.09,4VgYtXCVJ7IbWAZ5ryfvEQ,194892
527,0.882,0.689,-4.027,0.124,0.39,0.00325,0.0501,0.746,97.963,2qG5sZ7Si6sdK74qLxedYM,161627
528,0.793,0.771,-3.417,0.0959,0.0337,1.51e-06,0.284,0.835,171.943,35UUpTmrcFXNIVIN26ujXl,247308
529,0.795,0.783,-4.271,0.0432,0.361,0.0,0.437,0.799,92.01,4t9a07PAghtQMRAIP9FQ7Z,266087
530,0.621,0.782,-5.548,0.044,0.0125,0.033,0.23,0.55,128.033,2tTmW7RDtMQtBk7m2rYeSw,198938
531,0.655,0.797,-4.787,0.153,0.198,0.0,0.067,0.839,177.928,6habFhsOp2NvshLv26DqMb,229360
532,0.639,0.791,-4.443,0.253,0.0275,0.0,0.362,0.939,92.603,25ZAibhr3bdlMCLmubZDVt,222347
533,0.674,0.694,-7.076,0.109,0.313,7.17e-06,0.0752,0.203,101.993,3tJ4y2Zqx6gM9xOAuFfsSF,199179
534,0.663,0.857,-2.16,0.0544,0.0542,0.0,0.144,0.931,126.039,6Vh03bkEfXqekWp7Y1UBRb,200213
535,0.732,0.396,-9.348,0.0286,0.0841,3.58e-05,0.105,0.548,90.024,6i0V12jOa3mr6uu4WYhUBr,195920
536,0.554,0.772,-4.821,0.0418,0.00487,6.6e-06,0.354,0.455,179.984,6F5c58TMEs1byxUstkzVeM,223546
537,0.868,0.7,-6.408,0.1,0.0933,0.00685,0.0815,0.458,121.988,7b9WVKS9dt9OyRFAbGTP8P,194754
538,0.759,0.699,-5.745,0.0307,0.202,0.000131,0.443,0.907,92.96,3MjUtNVVq3C8Fn0MP3zhXa,211067
539,0.516,0.595,-4.63,0.0313,0.0275,0.0,0.109,0.222,119.972,5Ohxk2dO5COHF1krpoPigN,340707
540,0.426,0.584,-5.293,0.296,0.0383,0.0,0.188,0.272,193.437,5mMjkxGijQB4JZallYrkOW,193213
541,0.599,0.448,-6.312,0.0232,0.163,0.0,0.106,0.168,95.05,0tgVpDi06FyKpA1z0VMD4v,263400
542,0.774,0.753,-5.446,0.0517,0.152,0.0,0.0371,0.896,119.002,76hfruVvmfQbw0eYn1nmeC,219147
543,0.608,0.798,-5.092,0.0432,0.0736,0.0,0.156,0.501,92.943,6Bjtr3tPdto5nyuLYf61sN,185352
544,0.751,0.736,-4.168,0.156,0.0206,0.0,0.265,0.352,130.014,1ve0SgTZkv3wdggJLqtBYU,262147
545,0.262,0.606,-6.646,0.0484,0.247,0.0,0.125,0.275,189.857,3zHq9ouUJQFQRf3cm1rRLu,252534
546,0.722,0.821,-3.856,0.165,0.073,0.0,0.631,0.721,127.944,2OsEJFTfzfjG4oC92cuP2c,210293
547,0.753,0.598,-7.166,0.064,0.247,0.0,0.146,0.666,105.947,1I1fJSRS6S8FE4dTkOQezu,154167
548,0.661,0.729,-6.561,0.0376,0.00215,0.0013,0.0477,0.668,103.987,6ce41JVa6KFaryfmC2bu2W,232120
549,0.613,0.857,-5.492,0.0366,0.0012,0.0,0.358,0.664,124.987,56ZrTFkANjeAMiS14njg4E,182000
550,0.775,0.904,-4.08,0.0437,0.0271,0.000303,0.06,0.84,130.009,5st5644IlBmKiiRE73UsoZ,219893
551,0.669,0.78,-4.287,0.053,0.0265,1.63e-06,0.143,0.738,139.945,5ka2ajep9OAvU5Sgduhiex,212333
552,0.773,0.758,-4.993,0.0381,0.0422,0.0,0.305,0.925,144.033,18n3RlT0UNcy2yHImHy8IT,224840
553,0.647,0.822,-4.662,0.183,0.219,0.0,0.0908,0.962,160.019,60nZcImufyMA1MKQY3dcCH,232720
554,0.612,0.877,-4.43,0.064,0.000992,0.00563,0.462,0.38,131.068,02d1E4NRuh7OEQO4vCb9PD,264520
555,0.73,0.703,-5.672,0.0369,0.109,0.0,0.0657,0.595,138.113,2K87XMYnUMqLcX3zvtAF4G,192120
556,0.792,0.634,-6.566,0.0348,0.245,7.11e-06,0.136,0.322,99.989,6Sjl4KtCBxaJza3BTTXJE6,207612
557,0.691,0.795,-4.021,0.0355,0.000812,1.02e-06,0.156,0.876,133.971,2k3MdyqMHmfZubFg3pmtby,227333
558,0.624,0.876,-3.374,0.1,0.0735,0.0,0.327,0.781,99.943,0afhq8XCExXpqazXczTSve,170827
559,0.651,0.663,-5.569,0.0281,0.228,0.0,0.0994,0.465,102.0,4llK75pXNWZz6KAho2Gp16,259453
560,0.62,0.805,-5.538,0.0417,0.00564,9.15e-05,0.285,0.586,122.062,2hHLbkatPwOOmrNxTiD41L,204764
561,0.636,0.831,-3.945,0.182,0.0294,3.85e-06,0.272,0.668,175.015,2fTsFCKRFQ5M0igJgabnLA,223053
562,0.579,0.736,-3.863,0.0527,0.31,0.0,0.198,0.613,127.999,2Zr5zgU9qEoOPvJbU0GScq,230613
563,0.715,0.97,-2.206,0.0648,0.0644,0.000156,0.205,0.963,79.504,3AszgPDZd9q0DpDFt4HFBy,239240
564,0.912,0.716,-4.141,0.0697,0.0904,0.0,0.0491,0.377,94.981,3W3KtDwAIg3mAruSpnfG3Q,199938
565,0.783,0.58,-6.548,0.0408,0.0114,2.28e-06,0.108,0.66,120.021,20I6sIOMTCkB6w7ryavxtO,193400
566,0.756,0.572,-7.019,0.0763,0.0478,0.0,0.0853,0.417,102.986,10GJQkjRJcZhGTLagFOC62,204400
567,0.719,0.671,-6.279,0.0336,0.0372,8.21e-06,0.12,0.786,130.027,13P5rwmk2EsoFRIz9UCeh9,237627
568,0.828,0.818,-5.331,0.0948,0.0017,0.371,0.203,0.431,125.072,6yMhdnw1QFll8n3KuFmJ1s,169695
569,0.705,0.872,-3.557,0.126,0.0618,0.0,0.227,0.75,93.628,2QsoVMTKj5m5kgztTOep98,207040
570,0.614,0.928,-4.806,0.0516,0.0408,0.00104,0.0845,0.879,172.656,4r8lRYnoOGdEi6YyI5OC1o,200560
571,0.532,0.869,-5.094,0.172,0.157,0.00508,0.136,0.422,159.803,1i1fxkWeaMmKEB4T7zqbzK,208373
572,0.874,0.692,-5.28,0.0431,0.0412,7.24e-05,0.324,0.937,116.017,55h7vJchibLdUkxdlX3fK7,178560
573,0.569,0.918,-2.509,0.0279,0.00241,2.98e-05,0.307,0.541,128.037,08bg5QA5OQ31h73avz0pXP,171328
574,0.76,0.703,-5.412,0.054,0.103,0.0,0.0913,0.57,95.997,1u8c2t2Cy7UBoG4ArRcF5g,231827
575,0.64,0.533,-6.596,0.0706,0.119,0.0,0.0864,0.515,99.968,3eR23VReFzcdmS7TYCrhCe,220781
576,0.65,0.967,-4.917,0.0836,0.0287,0.000147,0.386,0.264,128.012,3Sm4xtt7il1cfs3X8vN88c,157500
577,0.706,0.728,-3.602,0.0852,0.123,0.0,0.185,0.851,121.017,3xSp2wM7K4wrjZivuCRwox,201600
578,0.555,0.772,-5.007,0.0523,0.315,0.0,0.105,0.346,86.921,5lF0pHbsJ0QqyIrLweHJPW,231213
579,0.471,0.924,-3.906,0.0586,0.00301,0.0,0.313,0.725,154.961,3528IXKpbb7OMjdjWYlbfD,177280
580,0.707,0.752,-4.401,0.0885,0.269,0.0,0.377,0.724,150.061,2VhPOtIQw2UpQmRVevdviU,199373
581,0.545,0.686,-4.081,0.0665,0.00265,0.0,0.477,0.486,127.996,5RhxBpoCwX2vLBcSJzYa5j,186493
582,0.574,0.512,-6.664,0.0503,0.234,0.0,0.0946,0.512,76.899,4rHZZAmHpZrA3iH5zx8frV,484147
583,0.602,0.863,-5.423,0.0773,0.0178,0.0,0.389,0.732,150.183,05PNBWOlexyIehkrSmvZSY,206373
584,0.613,0.622,-5.794,0.0334,0.00882,0.0,0.37,0.484,80.003,2y4lAQpi5VTNLu2ldeTdUH,231240
585,0.705,0.769,-5.526,0.0425,0.113,0.0,0.105,0.583,107.949,22VdIZQfgXJea34mQxlt81,213520
586,0.645,0.585,-6.122,0.0513,0.00314,0.0,0.165,0.353,131.931,5jrdCoLpJSvHHorevXBATy,215672
587,0.733,0.65,-3.539,0.0315,0.0703,6.59e-05,0.0829,0.348,110.003,18AJRdgUoO9EYn11N7xzaT,209160
588,0.734,0.637,-5.677,0.141,0.0462,2.29e-05,0.0602,0.648,169.977,3CRDbSIZ4r5MsZ0YwxuEkn,202333
589,0.836,0.552,-5.66,0.0851,0.0433,0.0,0.0773,0.525,97.036,5fHNot2sHBsTUMqaGQlksX,218173
590,0.472,0.908,-3.089,0.0751,0.0218,3.15e-06,0.172,0.221,127.992,4mdIgvRkq6F8Cfr0SsBlL0,165938
591,0.766,0.658,-6.721,0.0449,0.136,0.0973,0.113,0.185,122.981,3khtCyuzc6LaAaxKVbARlK,179792
592,0.693,0.705,-5.747,0.0665,0.0228,0.0,0.202,0.45,131.951,38iU2jg98IZZEIJPrP7aWD,237947
593,0.754,0.811,-3.679,0.0561,0.0185,5.18e-06,0.654,0.639,109.902,0PSZ9G584Ve27GK6ThlY6P,267960
594,0.696,0.893,-2.963,0.076,0.0662,0.0,0.473,0.573,97.954,5InWRmnfgjVwQWoXHNBATu,214013
595,0.723,0.809,-3.081,0.0625,0.00346,0.00123,0.565,0.274,98.007,2YWjW3wwQIBLNhxWKBQd16,176561
596,0.639,0.868,-5.613,0.0833,0.0159,0.255,0.249,0.123,128.096,2DbQpyXOWGsKW2R9zSvFq9,154687
597,0.722,0.761,-4.459,0.0475,0.0117,0.0,0.315,0.624,128.044,7pYfyrMNPn3wtoCyqcTVoI,201493
598,0.664,0.705,-4.972,0.0382,0.0654,0.0,0.115,0.477,122.017,6sy3LkhNFjJWlaeSMNwQ62,257840
599,0.626,0.799,-6.612,0.046,0.000358,0.00155,0.36,0.369,98.992,0iOu4s8w3pE9vbpb1SHXsL,274213
600,0.713,0.718,-3.806,0.0278,0.00233,0.0,0.0838,0.656,126.999,5G2c6FsfTzgYUzageCmfXY,197600
601,0.919,0.528,-8.926,0.23,0.00979,5.59e-05,0.37,0.855,119.988,113CqTH74b2jpFjPPU755D,161496
602,0.609,0.668,-4.515,0.0308,0.287,0.0104,0.0974,0.212,82.975,0TRmtiR9q6XnYDzXmoMpGC,228434
603,0.426,0.224,-8.683,0.0391,0.948,0.0,0.112,0.399,85.728,5nNTGNbxS30PX6sZpYh9hJ,230480
604,0.575,0.33,-6.557,0.031,0.416,0.0,0.0872,0.277,95.801,6QfS2wq5sSC1xAJCQsTSlj,217213
605,0.694,0.602,-7.358,0.0276,0.472,0.0982,0.109,0.329,104.997,7jUBj3nZfs0dRqr68b4yxy,164008
606,0.501,0.405,-5.679,0.0319,0.751,0.0,0.105,0.446,109.891,2TIlqbIneP0ZY1O0EzYLlc,182161
607,0.653,0.821,-8.318,0.0431,0.0265,0.00589,0.236,0.14,128.109,6kxXgUyPMsP43mbXAMVjWY,159287
608,0.793,0.645,-9.815,0.0443,0.531,0.00021,0.1,0.365,115.98,5maiCdBRKITzSbx4mdyy8r,184138
609,0.689,0.481,-7.503,0.0815,0.369,1.03e-06,0.0649,0.283,80.025,2JzZzZUQj3Qff7wapcbKjc,229526
610,0.614,0.379,-10.48,0.0476,0.607,0.000464,0.0986,0.201,107.989,1HNkqx9Ahdgi1Ixy2xkKkL,258987
611,0.63,0.53,-7.259,0.0434,0.4,0.0,0.177,0.417,108.038,2YlZnw2ikdb837oKMKjBkW,225053
612,0.655,0.899,-2.314,0.0372,0.00273,3.76e-05,0.34,0.707,126.021,5IR4eSVnuXPu8pJtQuzC5I,175238
613,0.601,0.724,-4.856,0.0486,0.0945,1.68e-06,0.12,0.508,102.061,4hQ6UGyWQIGJmHSo0J88JW,207905
614,0.481,0.267,-9.249,0.0339,0.8,0.0,0.249,0.137,117.64,4WzhjxvLP95y7AMDy0Atwb,227693
615,0.661,0.943,-2.52,0.0392,0.0188,0.000231,0.272,0.71,128.16,3T7ZHIgO30bKeASQppPtM6,198281
616,0.572,0.802,-5.286,0.0412,0.0125,0.000101,0.135,0.555,174.03,3oeBaOmuWeNPjCVpWPjUvg,193103
617,0.726,0.698,-4.165,0.0431,0.049,0.0,0.309,0.867,143.994,5PsMbxhgWpJMsouEfDTX6r,233478
618,0.672,0.628,-7.203,0.0856,0.192,0.587,0.333,0.159,60.045,6NWq3JOKCQ21Av7y2q5RFb,185005
619,0.589,0.966,-4.106,0.0972,0.03,0.0,0.147,0.802,129.983,3tgZ9vmhuAY9wEoNUJskzV,204200
620,0.767,0.682,-5.02,0.042,0.0113,0.00016,0.104,0.833,127.975,0C4ejWmOTMv8vuYj85mf8m,243533
621,0.708,0.641,-4.271,0.0336,0.205,0.0,0.0925,0.253,113.082,0lupJBVy4UQrvI4Oy3PvI7,268120
622,0.754,0.652,-4.924,0.0308,0.174,0.0,0.113,0.474,95.006,1FvOiE8MGWB8MUCAPvro3h,192013
623,0.591,0.764,-5.484,0.0483,0.0383,0.0,0.103,0.478,169.928,5HCyWlXZPP0y6Gqq8TgA20,141806
624,0.851,0.806,-4.62,0.0787,0.118,1.64e-06,0.121,0.787,118.999,1QV6tiMFM6fSOKOGLMHYYg,237200
625,0.814,0.728,-5.44,0.0583,0.0242,0.0875,0.612,0.962,109.983,3DGxVxqfbHJArDbI3i5bXb,202364
626,0.604,0.787,-3.674,0.103,0.0679,0.15,0.127,0.301,126.062,2dOTkLZFbpNXrhc24CnTFd,245040
627,0.674,0.428,-9.504,0.122,0.121,0.0,0.132,0.337,84.878,2dLLR6qlu5UJ5gk0dKz0h3,190185
628,0.707,0.861,-4.225,0.316,0.1,0.0,0.191,0.795,130.021,2EZ2KXLqs9zdRVVMMz1IsH,199480
629,0.825,0.832,-5.853,0.0403,0.00587,0.000789,0.114,0.713,122.021,6nCDnzErqalOaIY3EJM8NK,220627
630,0.758,0.557,-4.568,0.034,0.0117,0.0,0.0418,0.781,126.986,2fQxE0jVrjNMT9oJAXtSJR,231840
631,0.689,0.836,-6.058,0.0559,0.187,0.0,0.162,0.749,127.411,1zneM1cLjM6w8BFmukl2Lr,223067
632,0.679,0.715,-6.383,0.0407,0.0755,0.0,0.271,0.571,127.435,4Ub8UsjWuewQrPhuepfVpd,214148
633,0.778,0.695,-6.865,0.0913,0.175,0.0,0.15,0.472,149.996,3Ofmpyhv5UAQ70mENzB277,132780
634,0.345,0.612,-6.543,0.0608,0.232,0.0,0.194,0.232,179.773,59CfNbkERJ3NoTXDvoURjj,153000
635,0.741,0.874,-2.226,0.0429,0.0797,0.0,0.119,0.42,125.995,7wjxQhMf3D5gN3F8bZDof7,161862
636,0.56,0.473,-7.23,0.0533,0.618,0.0,0.31,0.441,109.414,3yMC1KsTwh0ceXdIe4QQAQ,175345
637,0.881,0.592,-4.898,0.0324,0.619,1.32e-05,0.0901,0.719,101.058,0mBP9X2gPCuapvpZ7TGDk3,154487
638,0.808,0.41,-7.791,0.0357,0.696,0.0,0.116,0.78,114.06,0xbjgV88co01Kw4PmuBdQU,184189
639,0.775,0.327,-7.241,0.0557,0.841,0.0,0.0821,0.595,91.05,4cktbXiXOapiLBMprHFErI,189486
640,0.798,0.62,-7.079,0.232,0.414,0.0192,0.112,0.235,120.031,6f3Slt0GbA2bPZlz0aIFXN,164000
641,0.696,0.664,-9.27,0.0358,0.535,0.0755,0.116,0.0961,122.001,6ElXZdR3QF87nPBfuIGRPP,132514
642,0.734,0.874,-3.158,0.0662,0.168,1.14e-05,0.0489,0.905,122.953,6cx06DFPPHchuUAcTxznu9,166028
643,0.514,0.73,-5.934,0.0598,0.00146,9.54e-05,0.0897,0.334,171.005,0VjIjW4GlUZAMYd2vXMi3b,200040
644,0.736,0.711,-6.272,0.0625,0.0082,6.66e-05,0.168,0.317,123.993,4M9kHcpZQZNzRnAhIQ1YLM,159783
645,0.689,0.627,-5.692,0.308,0.105,0.000321,0.0905,0.905,184.008,1jEBSDN5vYViJQr78W7jr2,187704
646,0.791,0.862,-3.24,0.11,0.037,2.19e-05,0.0814,0.592,123.994,7ef4DlsgrMEH11cDZd32M6,214847
647,0.705,0.852,-6.211,0.0347,0.0523,1.99e-06,0.162,0.36,125.983,6wOZmH1xQr5qmzuLsammRc,145055
648,0.793,0.793,-4.521,0.083,0.0123,0.0,0.0951,0.679,123.95,3PfIrDoz19wz7qK7tYeu62,183290
649,0.586,0.616,-7.964,0.0324,0.182,0.0,0.0927,0.719,148.088,02VBYrHfVwfEWXk5DXyf0T,242096
650,0.623,0.763,-7.866,0.213,0.559,0.00192,0.155,0.338,110.057,5DoCNgkEKAlMVsn2FSpJKT,172517
651,0.77,0.724,-5.484,0.0495,0.0167,0.0107,0.353,0.898,121.975,24Yi9hE78yPEbZ4kxyoXAI,176840
652,0.807,0.893,-3.745,0.0347,0.0451,2.79e-05,0.366,0.537,126.011,3rmo8F54jFF8OgYsqTxm5d,230747
653,0.826,0.641,-5.151,0.0761,0.621,0.00013,0.121,0.774,111.959,6fcwTf51NfFQ4C8eq7a04K,171546
654,0.88,0.751,-4.258,0.0874,0.177,6.43e-05,0.106,0.884,117.948,2tnVG71enUj33Ic2nFN6kZ,157606
655,0.695,0.762,-3.497,0.0395,0.192,0.00244,0.0863,0.553,120.042,21jGcNKet2qwijlDFuPiPb,215280
656,0.657,0.579,-5.303,0.0313,0.135,0.0,0.108,0.608,130.062,3UNtns07nCHYCBAVJKO8Hj,116813
657,0.7,0.49,-5.187,0.076,0.186,0.0,0.117,0.569,79.982,0eu4C55hL6x29mmeAjytzC,161803
658,0.72,0.706,-4.719,0.0473,0.0684,0.0,0.166,0.62,133.002,7DnAm9FOTWE3cUvso43HhI,187436
659,0.604,0.843,-3.932,0.1,0.036,6.22e-06,0.183,0.688,173.982,1I23ZdNcezc4N7QUc30rXx,144992
660,0.749,0.729,-5.01,0.0254,0.0646,0.00806,0.102,0.701,120.982,6APUqJb53AuWGcSapZGSDB,162543
661,0.738,0.899,-5.109,0.0457,0.0022,0.0019,0.12,0.696,124.045,1GjFKG08MMOMx4UtdV8s7l,183871
662,0.706,0.866,-3.502,0.0275,0.0756,0.0,0.447,0.964,123.947,7p2awTPzdeeg3ln3WPXyXe,150226
663,0.912,0.412,-8.074,0.123,0.0165,0.0126,0.104,0.423,154.983,0TlLq3lA83rQOYtrqBqSct,238614
664,0.878,0.619,-5.56,0.102,0.0533,0.0,0.113,0.639,136.041,2YpeDb67231RjR0MgVLzsG,157067
665,0.78,0.575,-5.628,0.139,0.106,0.0,0.129,0.273,81.502,0SGkqnVQo9KPytSri1H6cF,222360
666,0.804,0.66,-4.86,0.0726,0.0319,0.0,0.103,0.257,94.053,1WIZiOuNO3woKfdlSK2gNn,169345
667,0.768,0.471,-8.406,0.259,0.0201,0.0,0.268,0.405,131.023,4LmAnpjlhWTahvRkYR8xJa,267427
668,0.88,0.443,-6.359,0.0653,0.462,7.13e-06,0.122,0.803,138.018,60PAzFNW3vAiAiVK6DRJfB,221240
669,0.684,0.834,-4.524,0.0675,0.0646,0.0,0.271,0.538,164.02,5A6OHHy73AR5tLxgTc98zz,217667
670,0.743,0.72,-3.753,0.124,0.192,0.000386,0.109,0.519,163.99,71vsEyBd4X1D5BUmLdFSVH,209423
671,0.891,0.628,-7.863,0.0551,0.00258,0.00019,0.0504,0.552,134.966,0wwPcA6wtMf6HUMpIRdeP7,267067
672,0.671,0.672,-3.094,0.0688,0.0329,0.0,0.118,0.632,97.979,1OAh8uOEOvTDqkKFsKksCi,204173
673,0.692,0.774,-2.48,0.0876,0.0623,0.0,0.873,0.349,134.952,2nBI3iWLhupR7LyAJ5GGkE,334253
674,0.821,0.759,-8.541,0.121,0.247,0.0,0.321,0.962,140.01,5RIVoVdkDLEygELLCniZFr,185143
675,0.781,0.728,-4.981,0.0621,0.0509,1.94e-06,0.257,0.395,102.99,0NTMtAO2BV4tnGvw9EgBVq,219306
676,0.675,0.562,-7.678,0.0352,0.233,0.0,0.0816,0.309,130.098,6eT7xZZlB2mwyzJ2sUKG6w,256533
677,0.798,0.568,-9.072,0.135,0.0213,0.0,0.0586,0.45,148.88,6JjEVlMkfHWMeYavkEYzNO,193911
678,0.414,0.807,-4.12,0.348,0.0428,0.0,0.822,0.409,175.158,7Ezwtgfw7khBrpvaNPtMoT,191901
679,0.895,0.681,-5.267,0.358,0.157,0.0,0.189,0.554,121.918,0wdKiSBUT7aZkXUIdJWcwC,240000
680,0.886,0.628,-5.949,0.131,0.00215,1.15e-05,0.31,0.178,119.906,2JI71GHwq2LN8mtq3iCLYo,239574
681,0.75,0.56,-8.094,0.105,0.546,0.0,0.111,0.459,140.06,3swc6WTsr7rl9DqQKQA55C,221440
682,0.843,0.538,-8.028,0.0833,0.0273,0.0,0.124,0.428,97.49,1UMKquW1olreYO1LlLmTqi,208160
683,0.678,0.479,-6.959,0.206,0.0812,0.0,0.207,0.762,171.12,19OHDib8Jrqi3o2nm5lzdA,235632
684,0.959,0.598,-5.534,0.0713,0.0358,0.0,0.358,0.408,127.029,33JcUj9qQDayKswunZP9ar,213000
685,0.89,0.633,-5.475,0.168,0.0232,0.000343,0.0993,0.425,139.948,1XRgIKC5TPwo7nWGyKqgG0,233087
686,0.768,0.652,-2.708,0.307,0.113,0.0,0.107,0.777,154.187,0fySG6A6qLE8IvDpayb5bM,144935
687,0.874,0.568,-5.896,0.224,0.0698,1.38e-05,0.149,0.46,139.995,49zD0wr2S3d0lZPib0K4e1,237400
688,0.859,0.627,-7.91,0.13,0.0388,0.000202,0.101,0.594,142.062,5uqphUYsR45kPYplrYSAQh,260453
689,0.852,0.553,-7.286,0.187,0.0559,0.0,0.332,0.656,142.079,27GmP9AWRs744SzKcpJsTZ,205879
690,0.671,0.529,-7.226,0.307,0.0769,0.000335,0.0856,0.203,161.989,4VXIryQMWpIdGgYR4TrjT1,165820
691,0.854,0.463,-6.159,0.137,0.117,0.0,0.354,0.549,120.024,0b9oOr2ZgvyQu88wzixux9,225773
692,0.703,0.594,-6.146,0.0752,0.342,0.0,0.123,0.475,153.848,1000nHvUdawXuUHgBod4Wv,114893
693,0.899,0.586,-7.866,0.343,0.279,0.0,0.0836,0.492,150.002,3qN5qMTKyEEmiTZD38BNTT,214467
694,0.789,0.536,-6.862,0.242,0.41,0.0,0.129,0.437,81.039,18vXApRmJSgQ6wG2ll9AOg,165926
695,0.689,0.564,-6.226,0.136,0.187,0.0,0.0721,0.123,185.023,1Ser4X0TKttOvo8bgdytTP,212947
696,0.769,0.787,-3.909,0.367,0.189,0.0,0.129,0.836,126.77,6Ozh9Ok6h4Oi1wUSLtBseN,159715
697,0.761,0.518,-8.871,0.134,0.244,3.47e-05,0.107,0.522,133.976,2SAqBLGA283SUiwJ3xOUVI,261493
698,0.785,0.62,-6.667,0.254,0.0138,0.0,0.15,0.478,78.477,59J5nzL1KniFHnU120dQzt,235535
699,0.773,0.75,-4.009,0.117,0.109,0.0,0.174,0.783,123.426,0uxSUdBrJy9Un0EYoBowng,220587
700,0.802,0.591,-4.895,0.225,0.0104,0.0,0.196,0.309,139.864,6gi6y1xwmVszDWkUqab1qw,157712
701,0.567,0.515,-10.265,0.247,0.354,0.0,0.078,0.321,120.1,0RLLvYBopDwooCyvnTwgYu,224000
702,0.791,0.587,-5.075,0.0413,0.407,0.0,0.148,0.536,96.057,3Ol2xnObFdKV9pmRD2t9x8,179449
703,0.748,0.741,-3.103,0.0531,0.00419,0.0,0.147,0.537,128.077,7KFEIFuxnRRIRqN065WKTu,213053
704,0.803,0.565,-4.711,0.235,0.0558,0.0,0.141,0.474,163.085,1sbEeUY8KsdvgiQi26JBFz,200221
705,0.65,0.613,-6.13,0.128,0.00336,0.0,0.267,0.0804,149.972,2U5WueTLIK5WJLD7mvDODv,194621
706,0.652,0.631,-5.718,0.0893,0.524,0.000579,0.165,0.35,127.998,7AzlLxHn24DxjgQX73F9fU,154424
707,0.886,0.525,-7.39,0.131,0.236,0.0,0.057,0.708,145.99,7yyRTcZmCiyzzJlNzGC9Ol,225205
708,0.865,0.687,-3.744,0.217,0.242,0.0,0.158,0.486,139.023,1rkfJLgTlB6XYNjgZ0sVaK,242407
709,0.746,0.717,-4.841,0.179,0.199,0.0,0.132,0.523,150.964,6piAUJJQFD8oHDUr0b7l7q,179133
710,0.48,0.602,-6.335,0.368,0.487,0.0,0.0848,0.269,179.798,5rZlwNFl01HqLWBQGryKSm,213333
711,0.736,0.67,-6.702,0.311,0.186,0.0,0.114,0.845,130.032,5wujBwqG7INdStqGd4tRMX,169999
712,0.745,0.646,-6.987,0.17,0.157,0.0,0.338,0.46,79.993,2u7mxWSeoqTXndK5e08jMp,203908
713,0.935,0.552,-9.373,0.335,0.111,0.0,0.0952,0.615,99.993,1ThmUihH9dF8EV08ku5AXN,145627
714,0.831,0.499,-8.442,0.114,0.269,0.0,0.3,0.511,97.956,07KXEDMj78x68D884wgVEm,220487
715,0.717,0.862,-4.736,0.054,0.00689,0.0,0.321,0.52,130.021,2nrSQK3ooS0sOSecOvh5Aq,224933
716,0.755,0.578,-8.932,0.145,0.316,0.0,0.25,0.581,94.148,1IIKrJVP1C9N7iPtG6eOsK,176960
717,0.923,0.604,-6.671,0.245,0.017,0.0,0.272,0.826,145.062,1jaTQ3nqY3oAAYyCTbIvnM,139741
718,0.851,0.666,-5.334,0.0694,0.139,0.0,0.105,0.0585,134.068,5PIfH6BzcmH04RDmtzF0BN,129105
719,0.538,0.471,-9.84,0.0955,0.0946,0.0185,0.116,0.307,93.07,6Ox1rvlwEpB49drasQm6RF,142000
720,0.28,0.821,-2.864,0.111,0.167,0.0,0.139,0.254,181.444,4apiNNK0jp9uqn3JDG9My1,256163
721,0.554,0.498,-8.866,0.0685,0.23,5.98e-06,0.795,0.413,79.635,5hVghJ4KaYES3BFUATCYn0,190067
722,0.656,0.542,-7.358,0.323,0.0484,0.0,0.126,0.551,166.111,5274I4mUMnYczyeXkGDWZN,141587
723,0.705,0.609,-5.728,0.0729,0.694,0.0,0.234,0.718,140.058,4uhvMW7ly7tJil31YYscAN,199993
724,0.735,0.369,-9.682,0.0688,0.334,0.0,0.126,0.235,140.004,1iSqfoUFnQwV0QW1EfUit8,222997
725,0.866,0.613,-6.385,0.151,0.0293,0.0,0.104,0.359,98.001,2toVe5hfuIi97ytDPDbQFt,229210
726,0.928,0.481,-9.35,0.287,0.105,0.0,0.176,0.613,134.007,343YBumqHu19cGoGARUTsd,210937
727,0.661,0.44,-9.104,0.0803,0.457,0.0,0.128,0.352,149.937,6vWEAOUSxohKxhp0K1BsxL,230400
728,0.669,0.634,-6.476,0.0327,0.0125,0.0,0.0946,0.496,124.906,2XHzzp1j4IfTNp1FTn7YFg,255053
729,0.907,0.393,-7.636,0.0539,0.451,1.35e-06,0.135,0.202,104.949,3J8EOeKLTLXORtWPpOU5bE,205458
730,0.687,0.336,-10.748,0.0456,0.0755,0.0,0.126,0.215,85.828,3gruCKVuhCsRjs3a3dG8CA,219270
731,0.76,0.595,-6.366,0.0391,0.00544,0.0,0.241,0.361,131.497,03tqyYWC9Um2ZqU0ZN849H,263773
732,0.629,0.692,-8.045,0.0376,0.00981,0.331,0.603,0.453,162.948,527k23H0A4Q0UJN3vGs0Da,167916
733,0.694,0.759,-5.667,0.398,0.137,0.0,0.167,0.77,140.055,7M2tXmeS15NAzEn7ABFeBg,245387
734,0.97,0.463,-7.259,0.366,0.0957,0.0,0.151,0.46,108.003,5MPPttjfGap2C6j6eKcO6J,142417
735,0.747,0.571,-7.916,0.478,0.38,0.0,0.534,0.553,172.104,79XrkTOfV1AqySNjVlygpW,181933
736,0.774,0.554,-7.909,0.0383,0.207,0.0,0.132,0.349,99.034,22LAwLoDA5b4AaGSkg6bKW,162547
737,0.802,0.582,-7.296,0.235,0.126,0.0,0.161,0.338,150.002,0dbZ2iUuKvsm3FupBw6M9N,186613
738,0.901,0.697,-3.439,0.28,0.145,0.0,0.287,0.67,93.941,7KwZNVEaqikRSBSpyhXK2j,229827
739,0.763,0.85,-3.052,0.0417,0.0304,1.21e-06,0.371,0.761,91.519,3ia3dJETSOllPsv3LJkE35,284907
740,0.814,0.746,-4.426,0.239,0.167,0.00115,0.0631,0.526,93.405,00twZviPonMhKWN60B3l0F,267933
741,0.899,0.713,-2.752,0.366,0.255,0.0,0.0708,0.777,90.051,7iL6o9tox1zgHpKUfh9vuC,193467
742,0.763,0.786,-6.472,0.229,0.0146,0.0114,0.0817,0.504,93.857,33ZXjLCpiINn8eQIDYEPTD,325507
743,0.832,0.588,-10.88,0.248,0.4,0.0,0.104,0.716,95.309,5EEOjaJyWvfMglmEwf9bG3,250868
744,0.849,0.904,-4.78,0.138,0.0248,5.11e-05,0.0545,0.854,99.258,6LwrEZNkvFTOypNwSLjuaJ,246533
745,0.665,0.91,-4.682,0.223,0.0394,0.0,0.227,0.887,84.099,0trHOzAhNpGCsGBEu7dOJo,293973
746,0.55,0.806,-5.421,0.324,0.00859,0.0,0.263,0.282,124.4,3c1fI9dVeR0nKFkOYh3Sj0,232600
747,0.607,0.422,-13.364,0.499,0.209,0.0,0.0839,0.563,130.47,3vZO25GdYuqFrR1kzZADnp,226987
748,0.78,0.754,-5.377,0.0952,0.135,0.034,0.0467,0.81,82.394,2MuJbBWAVewREJmB8WdGJ3,260307
749,0.548,0.847,-3.237,0.186,0.0622,0.0,0.0816,0.1,171.447,4xkOaSrkexMciUUogZKVTS,297787
750,0.614,0.574,-7.961,0.466,0.0253,3.2e-05,0.38,0.755,125.173,5D2mYZuzcgjpchVY1pmTPh,209107
751,0.78,0.575,-7.247,0.273,0.43,0.0,0.143,0.773,84.492,2g8HN35AnVGIk7B8yMucww,252747
752,0.765,0.88,-4.361,0.116,0.176,1e-05,0.139,0.929,168.96,0Ed7MeXx64f6OcIuoTRCg1,215200
753,0.652,0.671,-5.376,0.315,0.00402,2.89e-05,0.598,0.518,159.963,4TY4VeLpmiNY9otITGA8sn,208387
754,0.6,0.706,-7.899,0.361,0.209,0.0,0.125,0.58,173.926,4IYKjN1DrYzxKXt0umJqsG,253533
755,0.843,0.806,-5.946,0.269,0.143,0.0,0.0771,0.613,94.948,0I3q5fE6wg7LIfHGngUTnV,270507
756,0.39,0.6,-11.0,0.315,0.222,0.0,0.331,0.668,81.762,6ah3sZ7zNIX17bqPJJGd3N,233378
757,0.494,0.887,-4.297,0.398,0.00661,0.0,0.103,0.548,89.554,7sLpSWxQazJzDVG6YGzlVs,234627
758,0.769,0.818,-1.385,0.192,0.263,0.0,0.0787,0.918,88.017,4E5IFAXCob6QqZaJMTw5YN,240800
759,0.802,0.785,-4.781,0.207,0.14,0.0,0.123,0.435,99.998,2wGSgTmgSF3xjRrHkTc25R,206400
760,0.646,0.813,-3.846,0.299,0.349,9.37e-05,0.0427,0.895,92.729,70FCugJxa7XW04Np6iYJdI,224440
761,0.872,0.723,-5.968,0.247,0.0293,0.0,0.327,0.843,93.279,4VQNCzfZ3MdHEwwErNXpBo,307773
762,0.684,0.834,-4.524,0.0675,0.0646,0.0,0.271,0.538,164.02,5A6OHHy73AR5tLxgTc98zz,217667
763,0.575,0.905,-2.372,0.338,0.253,0.0,0.269,0.753,110.165,0RMr1YqH6Mv6HeklKsl76e,270973
764,0.748,0.767,-7.806,0.172,0.0267,0.0,0.334,0.519,133.929,1fLibtVj3MrNTwRZq5yUOs,222200
765,0.939,0.742,-5.171,0.0467,0.321,0.0,0.107,0.924,118.978,2kQuhkFX7uSVepCD3h29g5,212360
766,0.538,0.73,-3.426,0.276,0.0171,0.0,0.103,0.083,87.022,5Bdoo7LrNuTlOPYx6w7ORW,258667
767,0.675,0.632,-11.162,0.559,0.359,0.0,0.13,0.567,85.528,2wkFfsDfHDU7ZUcAXgmRxe,208552
768,0.86,0.637,-8.434,0.207,0.0987,0.0,0.107,0.798,92.025,766GMqVgwb8gP7Zc5x1f48,211200
769,0.908,0.669,-2.827,0.0738,0.00286,0.0,0.237,0.662,112.238,7lQ8MOhq6IN2w8EYcFNSUk,290320
770,0.82,0.809,-6.759,0.251,0.443,0.00175,0.0613,0.737,83.011,7gKgd0P3dAAePiSQQBqrlf,231240
771,0.735,0.604,-6.728,0.112,0.459,0.0,0.113,0.362,113.174,2hg8OUWLfGU8YJgvop3TnV,180706
772,0.502,0.684,-7.397,0.289,0.155,0.0,0.0886,0.184,86.815,6bWDhoIcU37wyCKPRs3yQ9,181333
773,0.682,0.789,-5.01,0.488,0.0231,0.0,0.323,0.575,173.015,4GJb5L1nvOZmuIJAmye9GT,177907
774,0.643,0.622,-6.141,0.159,0.0226,0.0,0.136,0.442,80.814,3dHOZyhQtXMET9rzgrwIPr,167636
775,0.926,0.534,-10.662,0.221,0.0484,4.78e-05,0.103,0.351,129.017,1GOvuVTXQByalA1FAcivn7,157385
776,0.715,0.779,-4.766,0.0323,0.000705,8.1e-06,0.3,0.44,135.024,0j57r3jL4hK8Fwbutu9t7S,193000
777,0.608,0.462,-11.969,0.32,0.275,0.0,0.134,0.303,170.197,0TJDfhglaxNKKAQeo7kiXQ,150408
778,0.834,0.672,-8.028,0.0918,0.42,0.0,0.11,0.288,129.991,7cj3zkPMaoyATZTzMtYF3j,181091
779,0.851,0.695,-5.898,0.307,7.01e-05,0.0,0.135,0.35,157.994,0gfkqLY60NdOch8ymImuzO,176203
780,0.684,0.693,-5.895,0.394,0.00361,0.0,0.0651,0.851,176.133,2aDW5H7kOXHtNi5Ifj2yTo,109938
781,0.912,0.468,-10.554,0.385,0.024,0.0,0.108,0.318,141.979,6tsv8e8KAj9g4bIUiqfKg1,160170
782,0.615,0.264,-20.024,0.206,0.512,5.73e-06,0.0888,0.43,95.101,0m2LKAm8TQj3ocoFYvuj4K,192447
783,0.533,0.833,-3.491,0.0634,0.0899,0.0,0.12,0.711,147.736,6EfQXK5sIfGJG8WmsTG69e,116843
784,0.761,0.899,-3.09,0.183,0.0135,0.0,0.0719,0.673,95.027,1zzxoZVylsna2BQB65Ppcb,217587
785,0.87,0.836,-3.448,0.183,0.153,0.0,0.054,0.815,93.958,5TGKUb3TU8Q15Y4mbMkSbS,157024
786,0.688,0.835,-4.162,0.0911,0.0583,2.87e-06,0.0795,0.88,84.858,6ndmKwWqMozN2tcZqzCX4K,230493
787,0.78,0.657,-7.149,0.317,0.0321,2.56e-06,0.339,0.648,163.969,3IrkbGQCoEPAkzJ0Tkv8nm,245173
788,0.949,0.661,-4.244,0.0572,0.0302,0.0,0.0454,0.76,104.504,3yfqSUWxFvZELEM4PmlwIR,284200
789,0.886,0.626,-2.528,0.277,0.265,0.0,0.024,0.856,93.989,6mcu7D7QuABVwUGDwovOEh,196627
790,0.785,0.871,-2.692,0.265,0.144,0.0,0.309,0.315,87.248,23wfXwnsPZYe5A1xXRHb3J,290427
791,0.888,0.632,-3.872,0.219,0.19,0.0,0.101,0.662,91.979,2NBQmPrOEEjA8VbeWOQGxO,266067
792,0.67,0.788,-2.43,0.0445,0.00225,0.0,0.11,0.292,82.498,59q0gDvWPoL2DQ1SAt5ZLY,179467
793,0.677,0.698,-5.793,0.352,0.0935,0.0,0.0511,0.83,78.443,0fLILzjVXRCLC0lsNKcQ8I,288573
794,0.922,0.909,-2.429,0.27,0.0281,0.0,0.0856,0.309,95.295,4LwU4Vp6od3Sb08CsP99GC,161507
795,0.783,0.659,-7.743,0.233,0.0309,0.000705,0.331,0.318,94.965,1sJmz7l5LNoCC82lIRpzGW,212213
796,0.686,0.735,-4.616,0.264,0.00921,0.00066,0.342,0.0596,171.355,1v7L65Lzy0j0vdpRjJewt1,322227
797,0.853,0.693,-6.87,0.275,0.0239,0.0,0.11,0.662,95.967,4X5f3vT8MRuXF68pfjNte5,233787
798,0.615,0.871,-3.804,0.281,0.0388,0.0,0.246,0.338,119.149,2c5Isyd07hWsl7AQia2Dig,249560
799,0.924,0.74,-1.299,0.0774,0.0827,0.0,0.163,0.621,133.974,7iXF2W9vKmDoGAhlHdpyIa,222293
800,0.834,0.878,-9.484,0.15,0.0461,0.0,0.334,0.418,102.848,6KIKRz9eSTXdNsGUnomdtW,258688
801,0.889,0.818,-4.639,0.253,0.47,0.0,0.179,0.782,96.063,5ByAIlEEnxYdvpnezg7HTX,302760
802,0.487,0.729,-6.815,0.271,0.0538,4.07e-06,0.44,0.217,91.048,3qX1dqmDdmMvvfMVfsx4Bh,350120
803,0.859,0.75,-8.325,0.303,0.0193,0.0,0.0538,0.857,98.691,5n8Aro6j1bEGIy7Tpo7FV7,345717
804,0.502,0.652,-7.224,0.3,0.0848,0.0,0.0675,0.648,136.08,3hQCHzkE5oSA3F1xM8bpcM,254093
805,0.637,0.678,-3.798,0.266,0.209,0.0,0.156,0.254,84.039,561jH07mF1jHuk7KlaeF0s,250760
806,0.674,0.695,-8.636,0.278,0.0387,0.00202,0.194,0.773,151.486,3uqinR4FCjLv28bkrTdNX5,221840
807,0.629,0.696,-5.572,0.348,0.0195,0.0,0.0554,0.623,93.034,3QHPHLAkYV5cQBUYs6rowx,207627
808,0.647,0.514,-10.05,0.0593,0.0655,0.0,0.398,0.386,79.975,1DIXPcTDzTj8ZMHt3PDt8p,240693
809,0.894,0.698,-8.264,0.275,0.0279,3.56e-06,0.329,0.695,98.104,1pOIpxfrQ8AszXZdKR3aH3,336917
810,0.749,0.745,-10.625,0.164,0.000501,0.00403,0.333,0.481,101.972,27AHAtAirQapVldIm4c9ZX,195107
811,0.845,0.884,-4.506,0.0759,0.0128,2.1e-06,0.203,0.904,104.536,4INDiWSKvqSKDEu7mh8HFz,257400
812,0.862,0.648,-7.401,0.251,0.0455,0.0,0.0332,0.637,98.012,4PmMVdIFpJTB9WQbmILf4p,235533
813,0.925,0.659,-4.763,0.231,0.206,7.88e-05,0.279,0.71,97.018,69bHJ9qs5FrUJbKP8xU8uZ,214227
814,0.88,0.814,-6.307,0.14,0.168,0.00672,0.0584,0.942,138.083,7m97yKVzPpXV9Z4ezEziOD,283067
815,0.776,0.943,-2.559,0.257,0.105,0.0,0.212,0.695,119.858,2cgZkUVmNJeJZFLEAyh5Qj,237347
816,0.794,0.614,-5.352,0.0467,0.0964,0.0,0.0788,0.663,80.569,7jLbTp3qZzah9kMIdW8e5M,238053
817,0.529,0.9,-3.503,0.418,0.000248,1.21e-05,0.0426,0.434,180.291,2QpGZOhTCHHiKmpSO9FW4h,104591
818,0.381,0.69,-5.312,0.455,0.0209,0.0,0.438,0.223,78.239,0LFcFGLYTX6UmeIdO7NVd7,372707
819,0.537,0.948,-3.08,0.38,0.158,0.0,0.356,0.761,186.057,7fXb8yG4gCsioqzJNZOv69,286267
820,0.683,0.59,-5.423,0.458,0.326,0.0,0.148,0.653,100.892,5880eYQmXx3c3oD22IljIt,224107
821,0.716,0.531,-7.355,0.122,0.0703,0.0,0.224,0.344,71.994,74tLlkN3rgVzRqQJgPfink,386907
822,0.366,0.667,-5.683,0.246,0.00212,0.0,0.398,0.51,76.627,2gPl93XdGnfKUykwxVHUYt,217520
823,0.884,0.679,-5.857,0.282,0.0957,0.00209,0.0289,0.591,76.993,5Tl0HJvynZtKdSUMKbFVVX,238467
824,0.869,0.697,-4.639,0.187,0.00838,0.0,0.297,0.804,95.03,5Sm1X46tna50RstHZvw072,234533
825,0.525,0.933,-4.673,0.356,0.159,0.000241,0.311,0.457,122.631,2OXo0vKbu3ilgz4S5EOn60,223720
826,0.801,0.91,-6.566,0.225,0.00239,0.000891,0.0737,0.805,87.277,5g9lS8deSIxItFBmZRC4vN,278387
827,0.772,0.821,-0.14,0.25,0.223,0.0,0.148,0.77,91.921,1SWVDBtw6h3tm9OehOkDhv,244200
828,0.516,0.874,-2.571,0.186,0.0864,0.0,0.173,0.391,169.561,4dK00wCxlqWEeN8BoM1BHT,297520
829,0.789,0.858,-5.542,0.311,0.127,0.0,0.349,0.775,140.022,4Li2WHPkuyCdtmokzW2007,219333
830,0.843,0.7,-3.249,0.26,0.127,0.0,0.876,0.675,95.05,65iyI1iybyv5ecsfBHSdUf,293053
831,0.437,0.965,-4.448,0.136,0.326,0.00028,0.144,0.766,172.428,6HMFtoMvv6n6Q2eOyPFyne,248893
832,0.392,0.476,-7.583,0.0249,0.397,0.000163,0.309,0.234,78.031,1xsYj84j7hUDDnTTerGWlH,267597
833,0.741,0.697,-7.028,0.0277,0.0664,2.28e-05,0.133,0.774,116.109,2LawezPeJhN4AWuSB0GtAU,160133
834,0.574,0.913,-4.793,0.133,0.061,0.00158,0.156,0.423,115.728,2zYzyRzz6pRmhPzyfMEC8s,208400
835,0.464,0.795,-9.267,0.0926,0.0493,0.00244,0.399,0.612,158.691,63T7DJ1AFDD6Bn8VzG6JE8,202267
836,0.453,0.987,-4.485,0.0889,0.0195,0.283,0.268,0.316,123.544,0G21yYKMZoHa30cYVi1iA8,273480
837,0.429,0.631,-11.514,0.0769,7.85e-05,0.00411,0.175,0.376,162.734,1jzDzZWeSDBg5fhNc3tczV,168440
838,0.437,0.864,-7.842,0.0904,0.396,0.0314,0.242,0.749,81.394,3qT4bUD1MaWpGrTwcvguhb,295387
839,0.653,0.73,-10.613,0.0429,0.0115,1.02e-05,0.0776,0.894,108.709,4JfuiOWlWCkjP6OKurHjSn,220311
840,0.438,0.71,-12.412,0.0919,0.262,0.537,0.221,0.53,145.928,63OFKbMaZSDZ4wtesuuq6f,210373
841,0.294,0.641,-9.316,0.0291,0.0163,0.22,0.112,0.226,79.759,3YRCqOhFifThpSRFJ1VWFM,536067
842,0.466,0.833,-4.215,0.304,0.0266,0.0,0.0327,0.661,88.785,59WN2psjkt1tyaxjspN8fp,313573
843,0.502,0.89,-5.175,0.0364,0.000147,0.0117,0.217,0.259,133.52,57bgtoPSgt236HzfBOd8kj,292880
844,0.452,0.524,-10.108,0.0351,0.315,0.0,0.103,0.246,151.505,3ovjw5HZZv43SxTwApooCM,312360
845,0.417,0.934,-3.908,0.119,0.000278,0.0015,0.132,0.287,127.066,2DlHlPMa4M17kufBvI2lEN,210240
846,0.556,0.913,-2.36,0.0437,0.0193,8.59e-06,0.346,0.73,96.184,10Nmj3JCNoMeBQ87uw5j8k,282160
847,0.412,0.902,-11.6,0.405,0.0484,0.131,0.405,0.422,89.74,0hCB0YR03f6AmQaHbwWDe8,333893
848,0.54,0.584,-9.579,0.0254,0.0108,0.00296,0.253,0.244,139.261,4aYLAF6ckQ5ooGGGM7sWAa,386493
849,0.547,0.931,-2.356,0.0615,0.000998,0.0118,0.278,0.697,118.4,4feXJ5IC3avXsVW9WNFSag,261507
850,0.532,0.887,-3.757,0.0335,0.0778,0.000214,0.294,0.795,122.511,37ZJ0p5Jm13JPevGcx4SkF,249293
851,0.666,0.855,-5.051,0.0295,0.179,1.2e-06,0.0987,0.803,125.639,31AOj9sFz2gM0O3hMARRBx,268427
852,0.317,0.887,-7.292,0.0375,0.000582,0.00258,0.0891,0.871,169.613,4PRGxHpCpF2yoOHYKQIEwD,220561
853,0.402,0.873,-3.209,0.0586,0.00484,7.3e-05,0.157,0.684,125.443,2fICdpdRotwfmGYzvs8Ngf,253667
854,0.458,0.783,-3.226,0.0322,0.346,6.14e-06,0.13,0.224,113.072,4xBHZ2Mr0gCdFYXrPZuYXO,167907
855,0.409,0.932,-4.538,0.0339,1.87e-05,1.6e-06,0.31,0.591,131.761,55yvzYuvJYG2RUEnMK78tr,166640
856,0.618,0.938,-3.442,0.0456,0.0179,0.0,0.167,0.875,91.455,3ZOEytgrvLwQaqXreDs2Jx,269000
857,0.526,0.978,-5.436,0.108,0.00122,4.75e-05,0.0744,0.451,141.167,05RgAMGypEvqhNs5hPCbMS,210227
858,0.564,0.932,-10.068,0.0554,0.013,0.169,0.349,0.619,112.937,78lgmZwycJ3nzsdgmPPGNx,146250
859,0.31,0.7,-5.678,0.047,0.011,0.00965,0.0828,0.763,188.386,08mG3Y1vljYA6bvDt4Wqkj,255493
860,0.556,0.864,-5.87,0.0584,0.00958,0.0,0.209,0.4,105.143,60a0Rd6pjrkxjPbaKzXjfq,216880
861,0.521,0.721,-7.699,0.0254,0.00348,0.0113,0.391,0.611,97.578,2JhJOPGvtqMpj5RQC8cIYf,328427
862,0.538,0.981,-2.688,0.14,0.00662,0.0,0.219,0.711,101.414,0EYOdF5FCkgOJJla8DI2Md,255467
863,0.305,0.803,-4.668,0.0412,0.0495,0.000315,0.329,0.282,139.381,60a5c4dDARPsksClcom0OD,355915
864,0.476,0.717,-9.192,0.0949,0.0382,7.61e-05,0.0818,0.753,93.584,0QwZfbw26QeUoIy82Z2jYp,166267
865,0.599,0.931,-4.653,0.0735,0.0302,6.69e-05,0.392,0.536,140.123,549Go7a66CX6k523uK9kUv,270427
866,0.553,0.362,-11.218,0.0263,0.0458,6.01e-06,0.075,0.158,142.352,0nLiqZ6A27jJri2VCalIUs,388267
867,0.592,0.767,-2.788,0.027,0.0021,0.00165,0.127,0.328,96.483,48UPSzbZjgc449aqz8bxox,329733
868,0.532,0.767,-5.509,0.0574,0.00287,0.000513,0.39,0.755,127.361,2SiXAy7TuUkycRVbbWDEpo,210173
869,0.554,0.978,-3.554,0.131,0.111,0.0,0.0731,0.594,135.095,4Yf5bqU3NK4kNOypcrLYwU,162600
870,0.572,0.835,-6.219,0.0317,0.171,0.000377,0.0702,0.795,129.981,7N3PAbqfTjSEU1edb2tY8j,241600
871,0.654,0.929,-5.906,0.0998,0.0468,0.0,0.0539,0.902,144.774,6KTv0Z8BmVqM7DPxbGzpVC,168840
872,0.693,0.353,-17.852,0.0414,0.0704,0.00113,0.503,0.75,104.143,7rPzEczIS574IgPaiPieS3,228587
873,0.433,0.842,-3.513,0.0544,0.134,0.0,0.16,0.341,116.558,7sqp1w76zjW3K04htuRA8H,278973
874,0.457,0.904,-5.303,0.0747,0.000239,0.0879,0.396,0.48,141.038,0C80GCp0mMuBzLf3EAXqxv,317427
875,0.543,0.836,-9.11,0.0353,0.000647,0.431,0.153,0.56,105.173,2MuWTIM3b0YEAskbeeFE1i,515387
876,0.559,0.345,-13.496,0.0459,0.0576,0.000105,0.141,0.458,84.581,3d9DChrdc6BOeFsbrZ3Is0,264307
877,0.456,0.59,-8.638,0.0327,0.00182,0.00379,0.104,0.243,124.635,2N2yrmodOnVF10mKvItC9P,283733
878,0.492,0.969,-4.419,0.0491,0.0014,1.32e-06,0.0787,0.538,95.136,3K4HG9evC7dg3N0R9cYqk4,157333
879,0.454,0.946,-5.978,0.13,0.0223,0.0,0.173,0.647,138.18,0upLyFR8Rr52ZpMp5esQoq,156147
880,0.332,0.769,-11.503,0.0765,0.00367,0.00413,0.0372,0.525,157.378,0TI8TP4FitVPoEHPTySx48,354774
881,0.849,0.698,-10.978,0.312,0.121,0.00966,0.101,0.135,132.027,1layMkV1Oq9Ru51sm4dGks,237610
882,0.709,0.602,-6.428,0.272,0.169,0.00133,0.107,0.657,150.036,7IoyPJyv7AlHVtPZofgIgB,150475
883,0.647,0.836,-3.789,0.26,0.144,0.000403,0.213,0.52,140.08,0HObAomnnHRMv2kuEBIMbz,147680
884,0.577,0.754,-8.77,0.0597,0.306,0.0111,0.496,0.219,131.282,1ExKe1GMNx2uZQ2XAlHTNW,156958
885,0.752,0.83,-3.919,0.215,0.0147,0.000546,0.29,0.546,135.097,7GlTmlTip8mzLlwgTDvxPe,165420
886,0.821,0.932,-8.062,0.0633,0.00542,0.0133,0.155,0.706,141.976,6qspar87ZXTLC85Z2nSlSe,137157
887,0.834,0.881,-7.983,0.194,0.0749,0.142,0.175,0.757,140.016,2apRbQlpckuUM282gW1Z6p,154286
888,0.803,0.889,-6.545,0.0439,0.189,0.653,0.13,0.876,147.983,7jQkiAaa4XYYsPH3rcfcWo,163515
889,0.837,0.678,-6.393,0.296,0.189,0.00126,0.134,0.638,150.1,0bWnvUpHxJnjaHrxZTI1iy,139691
890,0.765,0.938,-6.798,0.922,0.198,0.046,0.213,0.342,150.088,2UsioXuoS0jpSFsB6NM6il,132000
891,0.633,0.881,-7.011,0.0872,0.0978,0.0138,0.0602,0.351,165.076,3eNzbY1WUpkve835a1O7iL,167273
892,0.853,0.587,-5.462,0.379,0.377,0.0294,0.375,0.682,150.009,620w5MHgTaEp8HeeadsIqa,158551
893,0.63,0.458,-14.172,0.0718,0.15,0.0255,0.108,0.208,170.042,6Hh6pxNSScePI9zjKBIUg2,145676
894,0.611,0.906,-8.194,0.0638,0.0175,0.603,0.39,0.476,149.989,5D8Z0KkFce9ir2yak7uj5C,191200
895,0.791,0.863,-6.412,0.193,0.0917,0.541,0.196,0.595,135.007,1IggdSqA19XnIKaYGZLAKS,160453
896,0.818,0.727,-9.503,0.237,0.554,0.0152,0.133,0.729,136.004,5nAOBXwuKa6XDperIxZ2cT,129268
897,0.921,0.46,-9.408,0.309,0.00508,0.00353,0.232,0.367,144.934,2AHevoDJA7d02hBYywNo4q,151876
898,0.553,0.871,-7.506,0.418,0.0185,0.0167,0.601,0.119,141.953,5JqsDaNitcaqZLqZfSLeTJ,175775
899,0.841,0.766,-6.714,0.17,0.0538,0.0389,0.198,0.833,145.019,4Zz8Ye0MkMm1F3XlCgGNBt,141546
900,0.65,0.566,-9.838,0.303,0.199,0.53,0.477,0.377,151.107,4r8vtv55ZqVxRAXdcLGS8J,164327
901,0.56,0.966,-5.586,0.053,0.0594,0.86,0.0946,0.148,149.989,1s89GPlBOEqKjpXc1GXtsO,136117
902,0.677,0.872,-7.673,0.232,0.253,0.0368,0.127,0.197,138.003,6uYnM3pZBgvEh95lrsqSJS,136196
903,0.796,0.933,-5.103,0.0838,0.00621,0.00609,0.291,0.661,126.006,5PIFxJpL63fh7qAyksfdzc,146384
904,0.626,0.882,-6.152,0.129,0.0457,0.00078,0.119,0.487,135.005,2qHpxxBLvBTo1PkCTvkce6,122711
905,0.633,0.949,-6.176,0.0518,0.00323,0.0168,0.121,0.193,149.927,61Pa7lLUimLxsG2BAgVfsM,174400
906,0.762,0.894,-6.981,0.101,0.0223,0.257,0.152,0.553,149.969,6ozPdSgrvbchQZvrAFwI75,129634
907,0.689,0.775,-7.397,0.144,0.00199,0.499,0.0873,0.81,150.025,7qjyKep4R9KkNPHO3nrxbd,119208
908,0.651,0.923,-4.796,0.0307,0.00108,0.027,0.107,0.0615,95.001,1V1dRk79rVQr0nJ0FDrJek,209723
909,0.706,0.982,-2.843,0.0708,0.00152,0.534,0.117,0.355,139.96,1daBltvNRBu6mHw8UYtzXG,171429
910,0.769,0.692,-10.001,0.0892,0.0478,0.415,0.143,0.334,140.942,3gdtEkjwv7DtSu4pf2K3qE,192458
911,0.694,0.785,-6.05,0.131,0.112,0.0495,0.414,0.368,172.476,6ZpLzlHarNRJwd86jnyXYF,174000
912,0.664,0.727,-6.667,0.0401,0.0197,0.777,0.0731,0.884,162.726,0snVQfjHIhKt8gfWYTDgm3,150408
913,0.728,0.765,-9.0,0.0685,0.0263,0.681,0.196,0.0692,144.992,5MFdNP6LWuJwLc0h2ZaxaG,193712
914,0.588,0.896,-4.257,0.0572,0.00108,0.012,0.187,0.346,139.881,41T043SzZ8VPpQgvg301ZS,153205
915,0.784,0.888,-6.617,0.165,0.0158,0.892,0.169,0.13,135.995,1tkS8yt5NwTZkqFvZMxM0F,360000
916,0.72,0.847,-6.469,0.0384,0.00174,0.0623,0.104,0.132,149.954,4atLPkcljMp14JBaigYFKC,236157
917,0.539,0.741,-6.971,0.0629,1.73e-05,0.777,0.265,0.408,149.997,6uKVBXtv0HDPLoJvLkiqph,298567
918,0.717,0.745,-8.49,0.0433,0.0251,0.0478,0.166,0.115,128.014,2sB805guzcnXiM2iKHTmao,176250
919,0.626,0.882,-6.152,0.129,0.0457,0.00078,0.119,0.487,135.005,2qHpxxBLvBTo1PkCTvkce6,122711
920,0.627,0.979,-3.549,0.119,0.00016,0.908,0.525,0.384,150.029,3R4EwhX6AQk5EXjAYBIiBX,185600
921,0.532,0.966,-4.517,0.0727,0.00298,0.565,0.473,0.279,150.007,34Bw1YNUaB58jL6dgRB3ST,182479
922,0.775,0.639,-11.127,0.282,0.156,0.00565,0.179,0.461,140.054,5uex3Mee1AWO6CFpTzRGPB,160732
923,0.612,0.695,-11.86,0.17,0.254,0.61,0.262,0.67,141.006,2bYbohLTm27TUFwliLQ2II,163410
924,0.589,0.924,-6.578,0.276,0.00744,0.187,0.657,0.29,160.077,1AAW9mwRv9IILxuHCgUVCM,168237
925,0.553,0.931,-8.196,0.0427,0.00204,0.413,0.238,0.0397,89.975,6if6TUsJ8CIaPaaLyQoZQB,134667
926,0.762,0.911,-4.704,0.189,0.0197,0.78,0.282,0.48,124.925,5JPotSaks8ig6cFcSoFzLj,125280
927,0.636,0.841,-3.789,0.322,0.00305,8.63e-05,0.409,0.548,131.924,4qRdS6InvlnugJxfOIh0CP,133636
928,0.681,0.714,-6.644,0.0416,0.00999,1.31e-06,0.102,0.527,145.918,7xdPu40ERGnzxgmr08nugx,136849
929,0.506,0.745,-4.562,0.0448,0.0161,0.0,0.371,0.179,140.035,3Mfx6W0pmOBw7UQO0mrD47,195107
930,0.628,0.907,-7.915,0.0459,0.00191,0.00989,0.0983,0.251,149.959,7wAEJKCipbq1fYEMbURDTP,118400
931,0.669,0.831,-7.566,0.364,0.211,0.0037,0.433,0.37,136.327,5OtRUowagv3aSAcjekQmDm,173785
932,0.69,0.791,-9.002,0.0678,0.0328,7.32e-05,0.506,0.319,126.021,5JgJ9QGfNMRHETv4Izh5FK,149529
933,0.718,0.722,-7.974,0.068,0.0699,0.952,0.131,0.178,144.996,5jnvyKRHqc0EWIAyCZwX5D,165460
934,0.626,0.882,-6.152,0.129,0.0457,0.00078,0.119,0.487,135.005,2qHpxxBLvBTo1PkCTvkce6,122711
935,0.553,0.948,-9.628,0.037,0.00881,0.818,0.102,0.0389,134.996,7Bg90Jhm3Dhtu7m2YCpo6C,206222
936,0.74,0.567,-7.407,0.12,0.00366,0.00551,0.113,0.087,133.991,7ok3N3VU6nNem8A0vWMgOo,177313
937,0.825,0.772,-8.598,0.0659,0.026,0.00259,0.132,0.872,145.071,78P7Of5fRksvxS3w8OLYD6,176276
938,0.577,0.754,-8.77,0.0597,0.306,0.0111,0.496,0.219,131.282,1ExKe1GMNx2uZQ2XAlHTNW,156958
939,0.787,0.685,-6.343,0.208,0.112,2.23e-06,0.0865,0.276,144.98,4Bce8zih5vey2GVnAbOQu6,119130
940,0.63,0.634,-7.652,0.238,0.0143,0.0948,0.111,0.222,140.021,3IIiIFprjP4eGl02rHQqQA,200786
941,0.674,0.603,-8.806,0.13,0.111,0.000283,0.297,0.24,127.939,06DLQjanbIyzLL2iMQOM4T,162293
942,0.837,0.678,-6.393,0.296,0.189,0.00126,0.134,0.638,150.1,0bWnvUpHxJnjaHrxZTI1iy,139691
943,0.876,0.862,-6.383,0.0722,0.0298,0.129,0.11,0.542,124.979,1qfW2xub6sR38gJNq2vwca,140640
944,0.726,0.883,-7.657,0.105,0.0296,0.502,0.295,0.54,150.006,2g4NThtQbOtR5VkdXIboxr,142800
945,0.711,0.468,-17.63,0.15,0.0129,0.0562,0.714,0.556,169.974,5ZNa6S7agmCmaEnxIHE73m,237195
946,0.671,0.791,-7.352,0.215,0.0454,0.0185,0.0354,0.383,138.032,04R4oiYD4NU6ZkdwlaJSep,149565
947,0.674,0.961,-10.188,0.0624,0.0623,0.895,0.0844,0.124,150.045,2xDPYggKsvXFblelNnCnu4,262400
948,0.628,0.952,-6.574,0.0681,0.00642,0.852,0.141,0.0372,138.007,1XkSU5Rbomsn6z6vFBja0E,208696
949,0.683,0.853,-7.081,0.0335,0.0527,0.886,0.072,0.107,125.97,6eiEPJ16dOxe0hME3NWxfP,287292
950,0.64,0.988,-5.37,0.112,0.0851,0.103,0.0976,0.455,133.972,14Lf119p3TzcZ7cIyX927A,218507
951,0.593,0.942,-6.37,0.0486,0.000764,0.806,0.0822,0.263,143.0,34S0Z1eIGpId7LPcN92mLo,352520
952,0.784,0.888,-6.617,0.165,0.0158,0.892,0.169,0.13,135.995,1tkS8yt5NwTZkqFvZMxM0F,360000
953,0.57,0.976,-6.909,0.0495,0.000379,0.752,0.096,0.471,142.006,0zK4cjHxWYGISIA1FDqEF7,315245
954,0.677,0.872,-7.673,0.232,0.253,0.0368,0.127,0.197,138.003,6uYnM3pZBgvEh95lrsqSJS,136196
955,0.682,0.923,-9.404,0.0548,0.00182,0.662,0.0925,0.134,138.021,65avt9HtCTofE3r4sYGs48,363890
956,0.321,0.977,-5.575,0.147,0.239,0.00491,0.311,0.397,92.502,4kzhGAkVWcsKQoj0F4gcOg,298385
957,0.688,0.922,0.444,0.0362,0.263,0.0302,0.186,0.695,175.054,6DsPM0HMAXN5x4pzBR6bbo,230400
958,0.635,0.983,-6.252,0.0516,0.199,0.852,0.419,0.035,132.004,0dDGl66J8riMFyp2yUn88W,207273
959,0.479,0.437,-7.989,0.0547,0.0417,0.0343,0.125,0.0741,108.869,5irKKFoCUyKFq8rvtSBIYM,247023
960,0.828,0.597,-10.913,0.225,0.0506,0.00322,0.211,0.648,138.037,0xKmZG7V6F5ejJckXgJx6O,219130
961,0.616,0.936,-5.712,0.0451,0.0543,0.858,0.0725,0.0633,133.032,0bAMROlEuHte7cVpfAVPZK,230075
962,0.37,0.949,-5.119,0.14,0.0121,0.0978,0.356,0.0356,140.061,7ydaic6O1E9pVrzQiXYDZt,194571
963,0.732,0.627,-13.712,0.0524,0.000174,0.895,0.0981,0.266,131.007,1kMObCQiYe5opqybH7ZNPD,239084
964,0.573,0.997,-1.919,0.214,0.000841,0.853,0.192,0.0891,99.986,5taxi3t9jB9vOU91iOuasN,249600
965,0.773,0.602,-9.772,0.045,0.0112,0.808,0.104,0.103,129.993,6QqpX2j8raMWtxeNiv5xVZ,317538
966,0.68,0.995,-5.553,0.0923,0.0135,0.0378,0.121,0.216,127.033,0gsmCnPlaF7R8XSR2HMupK,154134
967,0.764,0.954,-5.664,0.0588,0.0344,0.845,0.102,0.317,131.989,2ULBxi4DNecLbc9u9qUuFc,407436
968,0.592,0.911,-7.975,0.0659,0.00608,0.0123,0.223,0.211,103.517,3Nku6gLNqnwUuq8GLkqyhW,215773
969,0.415,0.983,-1.812,0.243,0.0013,0.00136,0.115,0.0866,155.054,1Go9uTsrrK0yvJ59nnuqnd,214625
970,0.678,0.562,-12.1,0.0531,0.0407,0.762,0.0985,0.119,138.004,2QG4MQPjN7C3obDT5Fglpo,292260
971,0.535,0.941,-3.374,0.0606,0.268,0.718,0.0894,0.116,97.507,26mdytR4sWakYZgsrdaOdm,283077
972,0.571,0.995,-1.328,0.28,0.00802,0.348,0.439,0.246,155.106,3qnEHAJ07ZJcG5sQM9RYxS,238452
973,0.545,0.953,-6.421,0.0479,0.000151,0.881,0.928,0.441,132.007,7a331AYmwmF5CA7ZdwzMck,190047
974,0.486,0.754,-5.932,0.05,0.0254,0.699,0.396,0.0854,105.113,60fAgJqxcBuUqAOZ4q2r6K,224113
975,0.713,0.878,-3.141,0.091,0.0392,0.91,0.129,0.608,165.003,0vIEuJgEaRRtW43zTICknu,231273
976,0.421,0.902,-3.304,0.201,0.000164,0.331,0.0481,0.0967,170.383,1552qXziI7VrrImSWEVaju,214607
977,0.732,0.933,-7.017,0.116,0.182,0.877,0.152,0.303,129.993,0VnV4QbuGplPbXsFBJpX8y,272221
978,0.803,0.889,-6.545,0.0439,0.189,0.653,0.13,0.876,147.983,7jQkiAaa4XYYsPH3rcfcWo,163515
979,0.731,0.847,-5.584,0.122,0.0359,0.824,0.0944,0.61,126.004,5oIvkoqX3mwFb7UCqF3G78,200000
980,0.559,0.85,-5.276,0.0596,0.0118,1.57e-05,0.115,0.33,155.064,77y3caTFtC3n4tGgyPUF87,202399
981,0.792,0.836,-6.252,0.0648,0.006,0.878,0.108,0.183,130.003,46N0cSUeoKfdGOGG852Jk1,227871
982,0.753,0.899,-7.295,0.271,0.0893,0.464,0.364,0.0566,149.891,2vAgx4Qusmnm9JBP3qAti7,241659
983,0.565,0.866,-4.974,0.116,0.0036,0.903,0.114,0.0548,150.053,3W1eonz2fNwfrYmYHMoq3O,188425
984,0.643,0.881,-5.572,0.078,0.191,0.00505,0.178,0.0349,128.098,421dRbck1Ouskdse4G8yRc,303750
985,0.609,0.912,-6.593,0.0391,0.0196,0.478,0.133,0.0391,135.027,1eMUGMEWrvTXYWrPobq2dH,204444
986,0.534,0.908,-5.876,0.0502,0.00105,0.00165,0.189,0.265,150.076,0ZFbjz111lD5ZmCweY4iV9,201804
987,0.687,0.996,-3.011,0.0522,0.018,0.0586,0.307,0.857,126.984,693cAiFc5ZmSSCza30PUDP,211654
988,0.517,0.996,-2.016,0.204,0.0473,2.08e-05,0.374,0.34,102.454,1cFy1ZbSyLfAgL3jwOTT6m,226969
989,0.866,0.828,-8.704,0.203,0.203,0.527,0.123,0.543,133.004,53cLYZSnsw7BeJybRHPlox,183333
990,0.529,0.995,-5.632,0.122,0.0251,0.73,0.489,0.163,145.007,26B0R93MekRH41waR9AeO2,364577
991,0.616,0.73,-6.484,0.0368,0.000523,0.731,0.103,0.123,123.986,05rxb9Zhj2jNK5TcsC8l2W,229839
992,0.552,0.929,-1.625,0.545,0.129,0.000363,0.706,0.173,159.72,0UDVMvCdkiUUlhexSbwIK7,196500
993,0.572,0.824,-5.832,0.0377,0.0019,0.608,0.0623,0.151,139.995,0lu7nWvNoGSTC8kx5Sahzw,219429
994,0.929,0.831,-5.464,0.11,0.00364,0.277,0.0811,0.201,125.005,6v623fMkFcYxhXg9a0NmmD,170880
995,0.659,0.943,-5.2,0.0694,0.00349,0.825,0.352,0.331,132.995,4UY7C15gnG3nkEXdByPHHZ,272481
996,0.581,0.956,-2.172,0.185,0.0899,5.5e-06,0.108,0.146,92.555,5ogZ5NPi8jAOliZP2T2cew,202378
997,0.722,0.927,-5.238,0.132,0.0344,0.0341,0.121,0.553,125.935,1330BmntTGV1ctC7ZS6PKT,184048
998,0.628,0.989,-2.995,0.388,0.00162,0.00632,0.228,0.0744,139.923,2fSuULcE8VMeOHxBsXIy0d,178286
999,0.401,0.723,-4.655,0.0386,0.153,0.00186,0.194,0.16,174.139,5oNuUTKQFKJGF5aLUchsFb,182234
1000,0.226,0.755,-10.162,0.0636,0.116,0.075,0.66,0.0589,171.843,3Reju72SJp2U5yCut6wJyt,145984
1001,0.627,0.921,-8.503,0.145,0.179,0.82,0.119,0.0377,140.054,71gsJeJVQA1qymlRNvSzC9,288750
1002,0.612,0.963,-3.912,0.0531,0.00897,0.00378,0.294,0.179,138.009,4ECA0jaumK20cc7vCqoYAA,183519
1003,0.804,0.916,-6.441,0.058,3.72e-05,0.891,0.058,0.386,128.003,1HyFNcbokfXDhd2NgZTNKf,366501
1004,0.832,0.74,-5.033,0.11,0.0934,0.302,0.0691,0.338,132.004,52qxYUT6aebNvYjTwS1Bgy,345107
1005,0.311,0.691,-10.934,0.0701,0.244,0.88,0.11,0.113,173.949,0KnMV02q60Kkq05xp5ljlS,282743
1006,0.825,0.703,-9.348,0.0964,0.0219,0.795,0.18,0.131,130.002,7KqFzuDGtnTMfqkuAzdpCv,421179
1007,0.273,0.972,-3.713,0.385,0.00968,0.132,0.435,0.0785,177.314,6KSJMJJm7HxUTS31dOfd8S,303200
1008,0.737,0.929,-4.196,0.0761,0.0259,0.885,0.0408,0.304,130.0,46XykrGmCyHaw4ZpEF8PnX,376615
1009,0.638,0.926,-5.881,0.0635,0.00136,0.85,0.139,0.529,145.012,02zfnCOpIVkQdNoF7pPDpJ,371250
1010,0.661,0.555,-7.412,0.0324,0.0769,0.781,0.114,0.0345,127.029,19WgVNczinqQyH7aPohNbg,181440
1011,0.8,0.98,-4.359,0.0476,0.00313,0.834,0.0849,0.615,125.996,2fZoOFN3YKnzQcaKPxcQag,152381
1012,0.727,0.952,-5.693,0.0855,0.0358,0.882,0.108,0.196,131.994,2To1kKqcmGDu8clp3NuoQS,444029
1013,0.53,0.423,-12.943,0.0981,0.533,0.748,0.0906,0.0358,160.088,4rPpewOMJFgk7amVhEmUzb,234203
1014,0.631,0.896,-5.008,0.122,0.0105,0.886,0.367,0.0677,134.985,5eC1LyKPN2oaDSxPy7SuA6,174583
1015,0.536,0.994,-5.908,0.13,0.0028,0.825,0.121,0.0703,150.008,2WtAN4pdVELZmswx5QGGyY,268800
1016,0.457,0.649,-8.695,0.0938,0.00177,0.86,0.0944,0.0379,137.995,5VSiGydJ65kVj43HGrm92p,403479
1017,0.612,0.702,-10.089,0.0322,0.0168,0.557,0.626,0.195,127.989,7LB7QCgu69MvSHrnzsNgfl,341250
1018,0.665,0.905,-5.233,0.0599,0.000356,0.663,0.43,0.0378,99.755,1Vc1lmI1hZQOyIgO7SN2Xk,192948
1019,0.489,0.992,-0.538,0.306,0.174,6.43e-05,0.291,0.414,185.133,2ihm2OWLtLLlrpZOdvVmwh,251676
1020,0.7,0.905,-7.479,0.0536,0.0243,0.573,0.195,0.0481,123.974,2uDw78ZCYfz5t3USvCvuH4,240818
1021,0.507,0.859,-2.53,0.0539,0.0361,0.499,0.343,0.0917,174.993,028FnKxGvKFy6gjeGzpjnq,342857
1022,0.274,0.955,-3.743,0.215,0.00219,0.872,0.61,0.175,100.017,3MeDf3jCslGIcFp3h0oG4G,216730
1023,0.611,0.974,-4.292,0.183,0.025,0.249,0.126,0.119,140.003,73o19dZ3lYf6edgMZ5UrDs,212571
1024,0.467,0.942,-3.122,0.0401,2.47e-05,0.934,0.148,0.235,173.984,1K6gyNdEjiap8P5IBELG6t,204310
1025,0.751,0.491,-12.595,0.0724,0.464,0.701,0.112,0.144,129.955,3Z9rWldhmlgEVsS6BDjRkz,179077
1026,0.564,0.818,-7.566,0.0517,0.279,0.909,0.144,0.208,139.96,2GGQ3NtvADlskWaH2ewx1I,370657
1027,0.581,0.932,-4.021,0.0645,0.0164,0.262,0.742,0.173,132.924,51rDoCrL3wRgC9YiCW961E,189923
1028,0.507,0.92,-8.151,0.0561,0.00629,0.627,0.668,0.225,129.013,4UjxYMM2290d7KlCKVSOuQ,200930
1029,0.595,0.911,-4.162,0.0736,0.0208,0.656,0.117,0.0685,135.037,1bZbUJlyXsvfuk40E3geHZ,165505
1030,0.636,0.942,-3.111,0.0672,0.0444,0.777,0.0738,0.246,138.004,2QMbTgsstUkTqGjiCKOFQe,173971
1031,0.685,0.709,-9.307,0.0849,0.061,0.685,0.0998,0.0803,140.051,51DVbDJnx1IUHzoP1XItni,375429
1032,0.385,0.84,-6.189,0.0694,0.0281,0.85,0.0826,0.0541,137.958,2iUSC784pwUQSfEHbKhTvd,252174
1033,0.521,0.994,-6.33,0.0532,0.0146,0.833,0.187,0.293,133.008,2rGvg9yjXMQ8B462BOautq,247218
1034,0.324,0.914,-6.676,0.0731,0.000672,0.773,0.11,0.0688,140.078,3lyItV83hRQU3WIeGAhTM9,394286
1035,0.579,0.663,-7.571,0.0647,0.00348,0.753,0.157,0.119,142.996,1EIksRgAo1CGkSHkdOLzn7,346187
1036,0.744,0.697,-9.033,0.0575,0.00189,0.855,0.62,0.434,129.994,2BfFW4C5SIgbp33539WAah,205696
