,danceability,energy,loudness,speechiness,acousticness,instrumentalness,liveness,valence,tempo,duration_ms,cluster,id
0,0.826,0.657,-7.779,0.147,0.204,1.37e-05,0.0668,0.86,118.049,168858,3,0Em4eY10PGyiBlmjWxcav3
1,0.845,0.7,-8.737,0.0391,0.1,0.00113,0.0984,0.85,119.997,166559,3,5V9XFfvCG4WP5ZdISOLvaF
2,0.578,0.631,-7.619,0.228,0.314,0.0,0.107,0.794,108.783,169043,1,1tOp1bXhT9tvydSAGDHdQy
3,0.838,0.569,-8.414,0.0529,0.194,0.0377,0.0802,0.63,113.046,190542,3,6wuMo4ZR83PhlhXhJ1S3VY
4,0.843,0.725,-7.282,0.0539,0.165,0.00357,0.0948,0.556,120.0,150000,3,5F4OfeowSReF93KcH2eUcG
5,0.819,0.817,-8.221,0.0698,0.0593,0.201,0.275,0.77,120.039,148000,3,5UwxpuGHkwiojKDaPC5ZNu
6,0.92,0.716,-7.104,0.105,0.296,0.00222,0.104,0.961,115.991,183103,3,4eZZofkV1OQ9GDqAgHqNpA
7,0.806,0.915,-3.102,0.0296,0.17,0.0,0.281,0.967,110.025,196472,3,4QrZSUg5xCZpFKDIhJMU2Q
8,0.856,0.85,-5.59,0.0549,0.00389,0.002,0.115,0.515,118.969,149244,3,2eknBYpfzA4Mp5zWHMGac5
9,0.735,0.592,-11.208,0.0534,0.0661,0.522,0.125,0.603,104.065,159426,3,3rmqNsOiGqqvFNTmGlzl4R
10,0.719,0.756,-5.392,0.0761,0.0541,0.0,0.109,0.647,105.024,219500,3,25Kyv5SeEenT0EETpP2hYn
11,0.481,0.66,-10.189,0.0761,0.35,0.0,0.108,0.504,111.832,159100,3,0GfCR4T6WOErZOw1557ln7
12,0.867,0.692,-8.973,0.143,0.333,0.000124,0.048,0.863,117.968,138305,3,6upXA8xqJ5heoVw4nd5Zvs
13,0.788,0.649,-9.674,0.0532,0.253,0.0136,0.12,0.229,113.009,169912,3,2kaH2Z8ezDUKf6fNw250rZ
14,0.788,0.913,-4.495,0.0671,0.243,0.0689,0.272,0.672,99.994,196800,3,4MzOppXoeKvDsVaNMeOK3C
15,0.47,0.661,-6.667,0.129,0.0844,9.88e-05,0.124,0.674,153.304,151304,3,1QVJ9U10mJncHAyHVXkFNZ
16,0.823,0.717,-3.879,0.0704,0.0356,0.0,0.102,0.489,110.998,132913,3,6McBvfxgkVfREmQPwTKBUn
17,0.755,0.685,-3.724,0.0631,0.065,0.00186,0.107,0.799,76.683,211875,3,3aGroTtXwkWJ7wOwKEI8Px
18,0.853,0.702,-5.822,0.112,0.627,6.26e-06,0.0947,0.895,116.994,136465,3,7qxtOyjZ2zSaxBPH8fLyNi
19,0.781,0.569,-6.897,0.0918,0.294,0.0241,0.113,0.595,95.049,197000,3,3kqE7QmylUIJV3QXC6arrR
20,0.812,0.775,-6.879,0.0389,0.0272,0.00191,0.121,0.582,104.983,176988,3,4Mlgf7GD6bbx09N4uxqU3S
21,0.778,0.644,-5.542,0.323,0.0625,0.000115,0.117,0.47,142.724,153523,1,14nSbMQqRo1BxshIjprVDO
22,0.914,0.721,-6.966,0.0413,0.0642,0.0352,0.0794,0.481,114.053,182073,3,7zhLSGUbneW7Tm3wpp3HjY
23,0.828,0.628,-9.229,0.0444,0.00405,0.00506,0.0655,0.796,115.008,177391,3,1M5dFODSjNXQvi374tJt64
24,0.818,0.513,-11.382,0.0574,0.106,0.00105,0.0408,0.583,115.01,186000,3,7tZMF9Hn5uGsfC7zGXbSKM
25,0.931,0.676,-7.492,0.0498,0.0152,0.0,0.103,0.739,111.948,165000,3,6NKuW3yaNXtloGw1RB8WUi
26,0.808,0.769,-7.207,0.0833,0.101,4.12e-05,0.119,0.685,116.001,153103,3,1mJFFeluclL38IwV264lm9
27,0.872,0.555,-6.677,0.122,0.433,3.53e-06,0.125,0.544,113.998,187632,3,5o3dCqgRTiSt6MC3Gi0jzj
28,0.582,0.563,-11.242,0.313,0.583,4.35e-06,0.321,0.718,120.213,148062,1,1j9I9JrUTXNblSWazCq9CU
29,0.51,0.922,-4.051,0.149,0.219,3.51e-05,0.147,0.863,102.148,247448,3,6tgW4WT1IUnKKbUATVcZfm
30,0.599,0.785,-5.943,0.501,0.405,0.0,0.213,0.65,189.255,164240,1,0lTUcfkmtQPp6mhjC6EBPq
31,0.917,0.716,-6.881,0.0919,0.213,0.0,0.0997,0.719,114.014,178947,3,64j2xnJweYeCQvycBGBmLR
32,0.821,0.611,-8.967,0.0535,0.0131,0.00393,0.0395,0.431,113.006,327080,3,16vqEDaCZpq5zdgop8U9uM
33,0.94,0.779,-4.854,0.0376,0.101,0.0,0.0792,0.581,111.978,195762,3,1RnRPPu3XPtftOhs1qF1hY
34,0.819,0.659,-9.024,0.0973,0.0534,0.0,0.0435,0.441,116.054,186002,3,2SaRkvUkzNzL39fBB2hLpt
35,0.774,0.825,-5.855,0.0408,0.0164,6.77e-05,0.271,0.668,120.989,186446,3,47FuxUowVBxua1XxsbLKKX
36,0.84,0.687,-7.203,0.1,0.115,2.2e-06,0.115,0.678,113.038,238912,3,62N0RkCCs4XQXk7hgnpOXo
37,0.634,0.833,-5.1,0.25,0.297,0.0,0.367,0.714,96.881,166802,1,2KEMHoK7Tz7rlTUalQXMUk
38,0.829,0.657,-6.802,0.0648,0.235,5.27e-05,0.0937,0.811,116.984,155897,3,4vI2KCvXTAPR3vfiWg1J78
39,0.859,0.822,-5.005,0.0467,0.07,0.0144,0.101,0.908,110.045,177170,3,2pUlBBWq8R10ylbBvZJV9j
40,0.719,0.584,-5.589,0.251,0.372,0.0,0.139,0.519,93.979,173617,1,6vy5gmpM2yuLAhDRtGOtPw
41,0.667,0.498,-9.718,0.0725,0.579,1.12e-05,0.237,0.409,109.93,222507,3,6G45nT1iMlP1HdJ0MCTuDU
42,0.829,0.703,-5.683,0.0444,0.217,0.00123,0.118,0.6,115.961,170000,3,1OGZU2zmK6x0UnM3yeZ4lR
43,0.848,0.697,-7.175,0.0636,0.114,0.0146,0.0525,0.889,115.05,162783,3,3nTzEDC9sTD0YsC9C7osnN
44,0.798,0.667,-8.7,0.124,0.104,0.000935,0.0871,0.501,109.059,149775,3,56iVI65i40FrCO5p382IrK
45,0.861,0.588,-8.861,0.243,0.00913,0.0,0.0591,0.705,111.995,210000,1,5FtWjKVBTMklN2yCP9UhF6
46,0.809,0.837,-6.362,0.0676,0.106,0.00405,0.11,0.401,100.034,163200,3,1sDAPYzFftbXW5fhMl0oKI
47,0.91,0.74,-6.712,0.0399,0.0866,0.0104,0.0753,0.557,114.027,172562,3,7CDmOoIXrtknQN5zcpHRBr
48,0.87,0.45,-12.221,0.0434,0.00491,0.414,0.0514,0.508,112.987,116427,3,3Ry6M5to0EblssBg3pfJt8
49,0.842,0.728,-6.289,0.148,0.485,1.7e-06,0.101,0.707,105.993,176604,3,1GYffAby5VxcjjIp7j0ea7
50,0.57,0.225,-17.168,0.029,0.306,0.0586,0.0689,0.408,151.78,429973,4,3c6wivu78aLN7ZXp8UbpaI
51,0.569,0.314,-8.241,0.0579,0.845,2.03e-05,0.12,0.311,179.332,249560,4,2JlQOgJZdvQ5YJrVxY13wQ
52,0.39,0.582,-9.822,0.0427,0.466,0.356,0.292,0.561,79.633,301242,0,36huM0UOR9A17TYAape2Xg
53,0.42,0.396,-8.807,0.0314,0.674,0.00495,0.103,0.406,70.898,210773,3,3aPOQ6TdIuAW8m1KZid1Hv
54,0.54,0.254,-14.993,0.0948,0.895,0.956,0.109,0.713,86.958,151827,2,2PdCpqwqkFbGB0dJXFMsvu
55,0.536,0.427,-13.12,0.0574,0.714,0.028,0.109,0.409,196.034,287999,4,1QnWVnnt2AOT7psq22mO5I
56,0.702,0.269,-15.172,0.0365,0.626,0.0406,0.125,0.397,99.747,386973,2,05CF4ATpqROLTQVYABNZ3W
57,0.729,0.441,-13.088,0.0374,0.586,0.24,0.093,0.293,124.957,240560,3,1YQmUOQUxVeHebdKBX6m71
58,0.81,0.465,-13.289,0.054,0.282,0.00216,0.0899,0.253,95.133,186347,3,2LQwuRI1h4Q4qk4HzK9zE2
59,0.361,0.31,-12.102,0.0398,0.802,0.687,0.128,0.408,177.659,355840,4,56K7H3Ipsce0Csn2v4u8kZ
60,0.721,0.435,-9.476,0.0438,0.872,0.000104,0.108,0.944,116.865,124055,3,795HmjjJWGQUMfL3foScIr
61,0.481,0.299,-11.755,0.0378,0.806,0.371,0.173,0.463,102.779,106680,2,6F28CLAzz6JwhfkBjyEgKx
62,0.56,0.501,-5.442,0.0314,0.725,0.000136,0.107,0.22,90.301,266123,3,4anx9dy5q5vU1B0kwNRmrR
63,0.531,0.435,-8.304,0.0491,0.638,0.00301,0.102,0.714,131.926,219667,3,0pKqawIX3uh1iycrPw5LMQ
64,0.58,0.612,-11.631,0.0735,0.107,0.0365,0.226,0.555,124.022,403693,4,4W3W4cbErPT3JCW60IxKKj
65,0.663,0.265,-10.765,0.071,0.887,0.894,0.112,0.301,77.081,141360,2,4bT1rl9bnULJw7ivrXozfQ
66,0.54,0.359,-12.122,0.0337,0.811,0.907,0.0878,0.2,113.376,279347,2,2st24VONuY9hqiGAPkhyua
67,0.312,0.2,-15.33,0.0304,0.731,6.92e-05,0.0694,0.438,163.319,263440,2,2a5WbaVANXN8Dj4aNmBosD
68,0.74,0.702,-6.992,0.0455,0.25,0.44,0.146,0.629,121.36,210880,3,1fd4zR1mI316y8y8Yq5txJ
69,0.773,0.4,-9.245,0.249,0.881,0.489,0.0807,0.588,107.392,88360,1,67MvBcAEhyKnyNdT1A54wi
70,0.424,0.538,-17.016,0.0966,0.707,0.00644,0.0774,0.5,172.936,324920,4,7L5FEYVfpIEGHJOv6gZ6EW
71,0.749,0.543,-10.006,0.04,0.605,0.00184,0.227,0.942,121.523,228782,3,2m9TLj1eU3qZT895FOIm0v
72,0.617,0.827,-8.936,0.0348,0.125,0.198,0.085,0.846,101.154,284840,3,4oYwvjJ2Yq3Yn4Fqgn3uOg
73,0.634,0.49,-11.023,0.028,0.854,0.000346,0.0885,0.704,91.591,304080,3,0V9DjtOmk3yxz8HeEyxYsY
74,0.483,0.322,-19.861,0.0379,0.823,0.0289,0.0981,0.607,86.303,223973,2,1ASQZ8acmZj1IOFoXggUf9
75,0.624,0.361,-12.395,0.0332,0.931,0.946,0.12,0.672,105.539,273950,2,6py8BqF0Lk1P8YoXXTRw5P
76,0.45,0.303,-7.967,0.0491,0.71,0.885,0.116,0.259,149.267,263525,4,4I7WbrlfomZlIv4mveJ76x
77,0.262,0.828,-7.089,0.159,0.00215,0.752,0.155,0.673,147.52,298969,4,5RHN9R3BqScU4Jzu84U7pZ
78,0.735,0.48,-13.532,0.0605,0.739,0.0364,0.102,0.891,84.039,270560,3,2YEs2mLzFu8RcdAHFQghhv
79,0.626,0.546,-7.621,0.0262,0.275,0.0164,0.109,0.928,104.229,202253,3,4s86JE28MM4q3xPmBGI6rn
80,0.329,0.887,-5.06,0.0516,0.331,0.82,0.085,0.565,156.898,290800,4,32ORiXJSpjsxEBh53n03U4
81,0.401,0.556,-11.314,0.0453,0.239,0.705,0.0948,0.808,155.933,256320,4,3HsUImLYZkBYmCLAtvRFVl
82,0.432,0.862,-6.088,0.0701,0.137,0.015,0.316,0.699,83.005,268640,0,0JRBZ5RZGLhZKUoDIgaxQc
83,0.586,0.619,-7.787,0.0605,0.581,0.00425,0.11,0.304,79.531,353147,3,6T0wxfTmgWw67QM6IJQvU4
84,0.685,0.797,-5.372,0.0558,0.506,0.00923,0.069,0.926,98.614,267533,3,1sXLitmQULzwiWR8D38Ekw
85,0.661,0.693,-10.965,0.0396,0.609,0.799,0.136,0.944,155.125,218076,3,6KnZ9iov6qX5ZZBLS0pUPF
86,0.376,0.522,-11.401,0.127,0.794,0.107,0.106,0.304,80.304,257974,2,3b45LikcYpvV5YQE4XcnZI
87,0.548,0.351,-12.325,0.046,0.94,0.00241,0.108,0.613,122.973,274627,3,5RhFZ82NnuUrRxQOWphUI3
88,0.551,0.585,-7.479,0.0344,0.284,0.632,0.0933,0.556,160.029,311253,4,5JMebtqw62DkVHPsUJMKvh
89,0.504,0.407,-9.144,0.0377,0.873,2.19e-05,0.142,0.467,145.72,305320,3,4DdoInAoNy6cT6Z1AAj6vX
90,0.522,0.892,-6.961,0.037,0.00338,0.00461,0.279,0.898,86.763,228933,0,0Lo6q647IUY2xo2kZZszw2
91,0.468,0.568,-6.861,0.0295,0.226,0.391,0.0895,0.436,166.048,313480,4,09n4VZqxSvFJfdtyV0HbCV
92,0.533,0.863,-7.892,0.0483,0.232,0.0881,0.0652,0.757,112.836,432067,3,0g9YOykbhG0jhDW2m4Y3w8
93,0.898,0.457,-10.539,0.0685,0.973,0.892,0.13,0.853,116.036,498971,4,68tS8zt1kpPHxunJ7Xq4PI
94,0.615,0.804,-8.6,0.0274,0.00539,0.0063,0.158,0.466,109.316,231640,3,1aCV7ocnKXsLSb0oX2dmup
95,0.427,0.525,-8.739,0.0462,0.852,0.91,0.106,0.386,99.842,187345,2,6qQhWIowgtVSz6UFJvG5Ku
96,0.33,0.305,-17.056,0.0375,0.824,0.00471,0.106,0.685,62.326,281093,2,0irBIwMyqnB2MtUww6P6iY
97,0.3,0.66,-7.536,0.0704,0.485,0.817,0.116,0.189,87.4,260253,4,3911Bzzv8FHgbitJzXFjxh
98,0.518,0.33,-12.304,0.0257,0.767,1.73e-06,0.117,0.191,81.025,201200,2,51y5kEOYPs4JHFgbPTvuKe
99,0.569,0.751,-12.826,0.0418,0.365,0.856,0.0561,0.758,105.156,338292,4,11tRfP7PlShe9hrnnA1cXC
100,0.792,0.503,-8.044,0.0626,0.0369,0.00057,0.0959,0.381,99.97,185093,3,1rrqJ9QkOBYJlsZgqqwxgB
101,0.828,0.726,-6.389,0.0419,0.106,0.00101,0.103,0.67,113.017,212976,3,3baPniPXS0iEII8rDUJdYP
102,0.788,0.649,-9.674,0.0532,0.253,0.0136,0.12,0.229,113.009,169912,3,2kaH2Z8ezDUKf6fNw250rZ
103,0.727,0.6,-4.799,0.24,0.636,5.1e-06,0.106,0.754,199.796,216000,1,7ErtOGQ9DwyQa3lwP77j4u
104,0.826,0.657,-7.779,0.147,0.204,1.37e-05,0.0668,0.86,118.049,168858,3,0Em4eY10PGyiBlmjWxcav3
105,0.859,0.551,-7.916,0.149,0.559,0.0,0.194,0.777,102.049,155293,3,4Gasn91fsCefnN8zM5GjA8
106,0.845,0.7,-8.737,0.0391,0.1,0.00113,0.0984,0.85,119.997,166559,3,5V9XFfvCG4WP5ZdISOLvaF
107,0.578,0.631,-7.619,0.228,0.314,0.0,0.107,0.794,108.783,169043,1,1tOp1bXhT9tvydSAGDHdQy
108,0.861,0.797,-5.21,0.11,0.272,0.00635,0.087,0.595,100.05,187275,3,3BwAHuQhZyL4tOkf36DuQv
109,0.838,0.569,-8.414,0.0529,0.194,0.0377,0.0802,0.63,113.046,190542,3,6wuMo4ZR83PhlhXhJ1S3VY
110,0.804,0.615,-7.033,0.137,0.404,0.0,0.0987,0.816,100.058,158400,3,4tr4oHjFijp0EgISHYDIXe
111,0.843,0.725,-7.282,0.0539,0.165,0.00357,0.0948,0.556,120.0,150000,3,5F4OfeowSReF93KcH2eUcG
112,0.819,0.457,-12.641,0.126,0.00585,0.000127,0.0661,0.61,112.027,296975,3,6L1UdBhj6v8Ol9qKHBtvLN
113,0.819,0.817,-8.221,0.0698,0.0593,0.201,0.275,0.77,120.039,148000,3,5UwxpuGHkwiojKDaPC5ZNu
114,0.719,0.756,-5.392,0.0761,0.0541,0.0,0.109,0.647,105.024,219500,3,25Kyv5SeEenT0EETpP2hYn
115,0.697,0.653,-7.284,0.102,0.166,0.231,0.0911,0.627,99.982,174545,3,6oOCGD2Sp9UTcDsuDz8Hdu
116,0.92,0.716,-7.104,0.105,0.296,0.00222,0.104,0.961,115.991,183103,3,4eZZofkV1OQ9GDqAgHqNpA
117,0.699,0.703,-7.651,0.273,0.517,0.0216,0.112,0.478,195.864,171429,1,7AbLGIOzFkx6jHq5en5xiH
118,0.744,0.627,-9.216,0.118,0.0496,0.000701,0.1,0.56,104.12,159500,3,1LRGZESVn8eF7WVY5DzLNy
119,0.847,0.72,-7.066,0.0375,0.0475,0.0,0.668,0.113,112.997,275148,0,6RzTv3JiPndZpv0Lq3kGHO
120,0.481,0.66,-10.189,0.0761,0.35,0.0,0.108,0.504,111.832,159100,3,0GfCR4T6WOErZOw1557ln7
121,0.788,0.913,-4.495,0.0671,0.243,0.0689,0.272,0.672,99.994,196800,3,4MzOppXoeKvDsVaNMeOK3C
122,0.779,0.79,-6.246,0.0612,0.0691,2.24e-05,0.506,0.484,113.064,123717,0,2wgvxtggKVzPkl0smF2UzI
123,0.872,0.555,-6.677,0.122,0.433,3.53e-06,0.125,0.544,113.998,187632,3,5o3dCqgRTiSt6MC3Gi0jzj
124,0.897,0.7,-2.776,0.117,0.0193,0.009,0.12,0.755,101.944,209760,3,6jdTkoEaer7XNGSblczoSu
125,0.737,0.663,-6.981,0.101,0.287,0.0508,0.523,0.839,98.014,181224,0,2jZ2MrAk8iNZk1dsI0Vr5z
126,0.787,0.746,-5.83,0.053,0.149,0.0014,0.275,0.722,117.905,172881,3,47rtDAZmqRUjba0V1en3XY
127,0.827,0.705,-6.756,0.0429,0.0813,0.00556,0.102,0.624,113.006,213992,3,1zwZ26A7OA5wTrA3FejCLL
128,0.597,0.739,-5.517,0.168,0.585,1.59e-05,0.212,0.73,104.808,178414,3,4yaPPFIafaVaMRHZ5IHkbA
129,0.923,0.657,-5.173,0.0605,0.199,0.00407,0.108,0.734,110.015,179775,3,0SjQBdIddPvKSWxr8vk6QX
130,0.823,0.717,-3.879,0.0704,0.0356,0.0,0.102,0.489,110.998,132913,3,6McBvfxgkVfREmQPwTKBUn
131,0.853,0.702,-5.822,0.112,0.627,6.26e-06,0.0947,0.895,116.994,136465,3,7qxtOyjZ2zSaxBPH8fLyNi
132,0.755,0.685,-3.724,0.0631,0.065,0.00186,0.107,0.799,76.683,211875,3,3aGroTtXwkWJ7wOwKEI8Px
133,0.905,0.747,-6.622,0.0442,0.117,0.000364,0.0505,0.866,117.008,166154,3,7d1aTQlsHMgWmkPywDi7h1
134,0.873,0.658,-8.031,0.108,0.00858,0.0061,0.0999,0.483,104.033,189800,3,3ketN3dth18vSJ1T3HIztN
135,0.812,0.775,-6.879,0.0389,0.0272,0.00191,0.121,0.582,104.983,176988,3,4Mlgf7GD6bbx09N4uxqU3S
136,0.798,0.556,-8.985,0.0471,0.364,8.31e-06,0.163,0.901,113.994,155861,3,2woGTVY8Vx46aYuXfMmwwE
137,0.914,0.721,-6.966,0.0413,0.0642,0.0352,0.0794,0.481,114.053,182073,3,7zhLSGUbneW7Tm3wpp3HjY
138,0.818,0.513,-11.382,0.0574,0.106,0.00105,0.0408,0.583,115.01,186000,3,7tZMF9Hn5uGsfC7zGXbSKM
139,0.931,0.676,-7.492,0.0498,0.0152,0.0,0.103,0.739,111.948,165000,3,6NKuW3yaNXtloGw1RB8WUi
140,0.654,0.666,-6.618,0.185,0.412,0.00493,0.113,0.804,209.929,192000,1,45Vvoe20MW6GD7FwoacZc8
141,0.543,0.482,-5.927,0.0526,0.286,0.000395,0.101,0.522,133.369,201600,3,4vLY6fJQWgBzQYHzguDZme
142,0.519,0.626,-6.353,0.0934,0.501,6.95e-06,0.161,0.394,102.293,176000,3,5X55V3mn3RTvHAheUtL6LR
143,0.737,0.806,-7.611,0.0685,0.117,0.0,0.275,0.502,125.018,246500,3,0xPz8qjfchKRCAmABJH65Z
144,0.808,0.769,-7.207,0.0833,0.101,4.12e-05,0.119,0.685,116.001,153103,3,1mJFFeluclL38IwV264lm9
145,0.806,0.915,-3.102,0.0296,0.17,0.0,0.281,0.967,110.025,196472,3,4QrZSUg5xCZpFKDIhJMU2Q
146,0.821,0.611,-8.967,0.0535,0.0131,0.00393,0.0395,0.431,113.006,327080,3,16vqEDaCZpq5zdgop8U9uM
147,0.804,0.696,-7.269,0.0476,0.029,0.000707,0.0602,0.764,109.995,224294,3,0h9NbR0ozxlNVnTXOX8xjk
148,0.774,0.825,-5.855,0.0408,0.0164,6.77e-05,0.271,0.668,120.989,186446,3,47FuxUowVBxua1XxsbLKKX
149,0.861,0.598,-11.155,0.0665,0.00483,0.0607,0.0306,0.417,113.006,374849,3,1hsFJ92y0FU2cFOOLkEFVr
150,0.66,0.878,-6.647,0.0596,0.212,0.663,0.16,0.264,129.004,213800,4,3JsH3qnwhYGs20PBMsCgNx
151,0.716,0.881,-7.027,0.0536,0.000561,0.67,0.216,0.293,123.984,220887,4,5SfcsMI2nJhdZpmwCcNEGf
152,0.636,0.869,-5.289,0.0412,0.0378,0.0446,0.0808,0.306,143.011,186496,3,5eTaQYBE1yrActixMAeLcZ
153,0.925,0.561,-8.675,0.176,0.0659,0.0271,0.152,0.721,128.034,181365,3,59QDyqLww2pxyg9ijOPO7f
154,0.847,0.69,-7.877,0.0493,0.0127,6e-05,0.0526,0.692,125.004,186662,3,4zN21mbAuaD0WqtmaTZZeP
155,0.852,0.988,-6.007,0.0588,0.00951,0.302,0.0629,0.67,128.013,181875,3,6t4VHEcJ7Kek9pgGHlDp6R
156,0.751,0.834,-7.018,0.0713,0.0749,0.000505,0.149,0.563,133.972,175246,3,2K6qq0V7jXSlhucLr8R74Z
157,0.714,0.917,-6.649,0.0869,0.0509,0.823,0.0725,0.579,160.057,240060,4,43OMUa5jouGCZEz9k9vooo
158,0.668,0.723,-9.315,0.0395,0.000646,0.85,0.205,0.0322,123.999,325744,4,0kXPOcMLExBxGeS4YJexzk
159,0.753,0.872,-7.552,0.0478,0.000998,0.291,0.0774,0.573,139.996,241825,3,0Ex4dfzYtS1tgoubw8jLod
160,0.555,0.918,-10.394,0.034,0.00721,0.861,0.104,0.1,121.988,283902,4,6PzfuuQ95fRU9JRFSFFq77
161,0.534,0.854,-7.468,0.0344,0.00239,0.0441,0.138,0.477,135.013,166000,3,63MBVrJ8nADdP4AXbBGlOj
162,0.51,0.842,-9.901,0.038,0.00128,0.852,0.146,0.146,132.0,421818,4,5bAmqp96l9YO7V8LW5sUjZ
163,0.713,0.837,-5.96,0.0368,0.0283,0.0,0.0722,0.351,137.979,175676,3,5r2620VyMS4JpB9UhmYjpG
164,0.736,0.906,-7.589,0.048,0.164,0.585,0.106,0.698,137.001,226627,3,39JofJHEtg8I4fSyo7Imft
165,0.612,0.862,-2.903,0.037,0.041,0.0,0.0907,0.354,123.849,160766,3,4laAKIq9ZxBCwf99rauPYb
166,0.56,0.832,-6.432,0.0363,0.00953,0.00541,0.546,0.0818,126.0,236000,0,4qDpLaFGf5ampf2DXD2TMA
167,0.804,0.875,-6.975,0.059,0.0289,0.484,0.0469,0.809,130.011,247385,3,536rYtZCAq33yLmthsLTfE
168,0.683,0.932,-10.402,0.0513,0.0389,0.605,0.0615,0.553,125.002,235786,4,0w7JPlp7eEQI2EKW3ayXrv
169,0.767,0.862,-5.464,0.0606,0.14,0.0092,0.252,0.509,128.039,166570,3,1M8t1j3Kv2qp97bdq5q4Vl
170,0.761,0.781,-6.778,0.141,0.0681,0.108,0.0607,0.473,123.023,285375,3,5Z8Dj3LtbyCMiwE86rhg2f
171,0.609,0.912,-6.593,0.0391,0.0196,0.478,0.133,0.0391,135.027,204444,4,1eMUGMEWrvTXYWrPobq2dH
172,0.656,0.655,-6.766,0.024,0.02,0.00816,0.103,0.555,127.001,230946,3,3I10tZ5MgEMo4WryCNJkZQ
173,0.695,0.781,-5.578,0.0452,0.0185,3.12e-05,0.295,0.456,124.04,148960,0,4xMbBESczlHPUO8QeYi56p
174,0.628,0.738,-5.045,0.0367,0.0156,0.281,0.153,0.699,125.928,162879,3,4vyG9ZhHT8MKJE5mTICMFC
175,0.747,0.616,-9.76,0.0324,0.176,0.116,0.143,0.908,131.975,192151,3,5u4hhtZ7f4rWkMZEZcTKrH
176,0.605,0.874,-4.949,0.0295,0.000563,0.812,0.112,0.836,125.99,157432,3,0F2BxpbxH8Yc3pLub48hrb
177,0.735,0.72,-7.04,0.336,0.00105,0.15,0.382,0.364,124.174,403293,1,303ccTay2FiDTZ9fZ2AdBt
178,0.665,0.727,-8.073,0.0391,0.00984,0.394,0.172,0.397,133.922,198806,4,31B7wLv4yvtjDoTTmbnxeE
179,0.811,0.833,-4.259,0.153,0.014,2.06e-05,0.0769,0.567,120.258,252107,3,4t0UsYzmmmZRMTWn77jiGF
180,0.801,0.96,-5.534,0.264,0.0284,0.877,0.0985,0.101,126.045,217411,4,7jURkEKDVEm9sHueqUX0ko
181,0.748,0.908,-8.319,0.0504,0.0588,0.894,0.0943,0.0576,130.004,489480,4,6R84ZlQF7gGkPB6o3GLZXB
182,0.797,0.88,-5.722,0.0442,0.00298,0.574,0.183,0.357,125.996,157619,4,2FEUloDXMvRnyfLcsrCfkw
183,0.71,0.63,-7.003,0.0413,0.00879,0.147,0.058,0.216,125.0,242880,4,48Jf12YHPBCAfAzi255Rvr
184,0.609,0.94,-6.097,0.0617,0.00124,0.269,0.15,0.238,128.001,188592,4,6txvQu0zUbiqG24A8XMLnK
185,0.761,0.867,-6.168,0.0499,0.259,0.615,0.0689,0.679,126.03,185896,3,2qRKTg13LJGHO4fmQTWT7x
186,0.784,0.888,-6.617,0.165,0.0158,0.892,0.169,0.13,135.995,360000,4,1tkS8yt5NwTZkqFvZMxM0F
187,0.636,0.892,-5.573,0.0386,0.000422,0.0954,0.156,0.456,125.003,125280,3,2XKsHHNCtKqk9cF35TRFyC
188,0.771,0.729,-6.577,0.0408,0.00161,0.672,0.217,0.63,123.027,189268,3,54hA0ldJYyT1huGfSeOjdQ
189,0.817,0.876,-7.485,0.046,0.0332,0.199,0.412,0.671,131.022,289472,0,0hJfuyUwtEYMlGgvr3nzz9
190,0.702,0.912,-8.687,0.0652,0.0773,0.309,0.0926,0.957,128.018,200551,3,33tYADyL2aZctrvR59K1bQ
191,0.576,0.953,-8.968,0.0362,0.00106,0.49,0.474,0.303,140.042,456480,0,7xQYVjs4wZNdCwO0EeAWMC
192,0.814,0.874,-5.316,0.0425,0.000222,0.522,0.276,0.434,123.992,161041,0,1olCzMxaeiQKNO64ssWVGr
193,0.716,0.917,-5.091,0.0331,0.123,0.396,0.0628,0.751,124.032,160669,3,4O3APpGNhOldqDsPF8IaS5
194,0.812,0.796,-10.548,0.0356,0.00826,0.921,0.365,0.961,125.976,249679,0,5krhFNgUcYHwXlNPJJYzFM
195,0.907,0.707,-7.627,0.185,0.00983,0.444,0.166,0.566,129.097,141395,1,26zt79lTciS4tfncBX1qPV
196,0.824,0.511,-9.049,0.151,0.0187,0.834,0.309,0.0858,127.959,195952,4,6U7DCvIA93YYzyFYwmiIIe
197,0.639,0.873,-6.222,0.0408,0.0237,0.0143,0.119,0.258,121.031,199091,3,3LnETnq2xyUpKcGqAQLJy1
198,0.736,0.827,-3.902,0.0643,0.0199,0.00828,0.351,0.814,125.008,209760,0,4u3XiAwJ2U9Kxgy57gcAPB
199,0.705,0.524,-9.776,0.032,0.112,0.26,0.109,0.219,119.987,230016,4,11SEKnYpFCFRXnUap3Cso2
200,0.438,0.805,-6.237,0.0624,0.00255,5.69e-05,0.0842,0.564,113.253,240800,3,2aoo2jlRnM3A0NyLQqMN2f
201,0.533,0.905,-5.27,0.0754,0.00876,0.578,0.0698,0.486,108.9,170813,4,0wJoRiX5K5BxlqZTolB2LD
202,0.479,0.944,-5.167,0.115,0.00206,0.0283,0.356,0.572,153.45,163800,0,5LI7PoHEolR8plrf3I16sq
203,0.346,0.768,-5.695,0.0377,0.00603,0.38,0.0244,0.532,169.492,210160,4,0NWPxcsf5vdjdiFUI8NgkP
204,0.568,0.898,-8.833,0.0862,0.0285,0.0787,0.484,0.833,110.824,301520,0,0hnlRgTh80b1emNnM0jmwt
205,0.307,0.756,-8.119,0.0493,0.0209,0.758,0.353,0.417,114.843,404267,4,34jAhU99TNRvYwwOEoINl3
206,0.515,0.534,-8.045,0.0768,0.181,0.00278,0.0547,0.426,70.776,145747,3,1Eolhana7nKHYpcYpdVcT5
207,0.599,0.622,-7.019,0.128,0.222,0.0,0.536,0.907,117.574,223680,0,1DfWmv1eJU1a9tuGpqKGFP
208,0.319,0.858,-9.913,0.0839,0.00381,0.232,0.664,0.471,106.231,280267,0,7blY9jGplyzTiS2qltyfFe
209,0.364,0.865,-7.328,0.114,0.247,0.0209,0.0936,0.554,111.15,265587,3,0xKcrFF5ed7U4EPdG6vE4f
210,0.418,0.741,-12.746,0.0864,0.0204,0.0319,0.261,0.514,132.065,215133,0,7uQcSTXM4q7tGzguGVeLtX
211,0.486,0.963,-5.586,0.129,0.248,2.39e-06,0.158,0.533,113.133,146573,3,1ntxpzIUbSsizvuAy6lTYY
212,0.532,0.829,-5.659,0.058,0.018,8.37e-05,0.229,0.848,133.334,215707,3,2TKtQAy9VKwq3Kh234uE85
213,0.341,0.814,-10.19,0.0827,0.000366,0.807,0.128,0.695,110.716,432760,4,4Bp3SVvfb1dbq9UWuABAPt
214,0.354,0.741,-6.389,0.0806,0.018,0.0134,0.0753,0.596,142.348,251013,3,0uco0wQkB909zpPlHvu5Cc
215,0.517,0.703,-11.767,0.0709,0.0762,3.22e-05,0.141,0.811,121.14,284333,3,2AKcU2vk8MJrmXdRM9jwBU
216,0.357,0.969,-4.99,0.124,0.0134,0.0677,0.141,0.704,149.741,222293,3,3f5JtAsGRIXN8pSAeTi6vA
217,0.46,0.72,-11.263,0.0525,0.242,0.00831,0.528,0.59,123.548,249920,0,11t59LqOhOEG40yqALXZon
218,0.365,0.848,-8.122,0.0624,0.276,1.33e-06,0.0911,0.59,108.549,173707,3,6b2lxeLa8rNPpROH9bVLRo
219,0.277,0.479,-8.483,0.0495,0.585,0.0224,0.16,0.483,53.905,230360,3,3XxBSvDZKH5YvZZjTpn6eR
220,0.214,0.91,-6.662,0.389,0.477,0.00833,0.0517,0.448,175.549,313373,1,2AxCeJ6PSsBYiTckM0HLY7
221,0.354,0.707,-10.844,0.0353,0.24,0.586,0.652,0.744,105.965,232507,0,6qKlw6TyxVkaUZrlJYP8xD
222,0.519,0.785,-11.111,0.0512,0.0468,0.00823,0.176,0.67,111.423,206133,3,7emVwhF4OMemAT65nbpuZO
223,0.371,0.695,-7.428,0.0851,0.0131,0.00275,0.301,0.577,146.69,245760,0,64ICrhXuANvFTmJutuZJ1k
224,0.461,0.714,-9.159,0.313,0.504,0.0171,0.684,0.454,94.372,168920,0,3qebSLgUwaEqbwCM5sj5Kh
225,0.386,0.536,-14.151,0.0546,0.229,0.0123,0.11,0.31,133.451,265813,4,4m6KlFD4eMiQFzh4IVVFVm
226,0.507,0.847,-5.987,0.0411,0.0751,0.237,0.372,0.566,98.096,198773,0,23MrkN7g6Q5U7GLIxNHN1B
227,0.277,0.479,-8.483,0.0495,0.585,0.0224,0.16,0.483,53.905,230360,3,3XxBSvDZKH5YvZZjTpn6eR
228,0.499,0.495,-10.508,0.0501,0.348,0.0286,0.2,0.339,80.086,200733,3,5H6Jp0syB5yEPk7SWYdlmk
229,0.371,0.634,-7.648,0.0277,0.146,0.011,0.104,0.568,84.977,341800,3,4DmBVImaIhE3RyNvbtZTTz
230,0.417,0.0509,-19.939,0.0644,0.966,0.368,0.113,0.289,65.692,259073,2,2qbPX1fQUyknyc7cZw2L8W
231,0.32,0.11,-21.339,0.047,0.926,0.817,0.0995,0.169,61.852,312453,2,7qLzoarYodaUHezJvndAdK
232,0.493,0.347,-15.713,0.0363,0.906,0.941,0.144,0.284,112.818,283999,2,56OCZENfcrmeCpufvWZd0P
233,0.748,0.143,-16.502,0.046,0.979,0.879,0.113,0.428,126.439,177500,2,4q4emoW3IX2eHhY3sVkudj
234,0.388,0.337,-13.437,0.0288,0.252,0.899,0.108,0.209,92.526,298000,2,7eTxWRSvauWm5L3FblGk2h
235,0.665,0.248,-13.717,0.0398,0.935,0.888,0.103,0.561,74.023,259787,2,7sjZIf7J5FQlNQrOQWODai
236,0.407,0.0241,-18.739,0.0347,0.978,0.565,0.101,0.163,110.375,672520,2,6sJUbzyzNOrAt9dr3pkOPk
237,0.502,0.288,-12.457,0.0375,0.707,0.952,0.12,0.274,126.728,323520,2,67gegBlOgrRPHhfLfb3CEj
238,0.543,0.174,-13.936,0.0347,0.947,0.0615,0.123,0.049,110.541,268082,2,0H7udegVzTRxIYzPXoBvkI
239,0.43,0.124,-14.14,0.0344,0.956,0.0561,0.123,0.224,111.024,340760,2,069VcK8RjjzhZK3UT3A8ja
240,0.533,0.178,-20.247,0.0393,0.912,0.894,0.082,0.0987,108.285,303458,2,5P0RMEJOgtGcZIq5wYjYei
241,0.415,0.0428,-22.887,0.0491,0.99,0.887,0.0882,0.0777,73.117,163947,2,5AbvIJTlfp52S6b9WipNBC
242,0.432,0.137,-18.125,0.0311,0.956,0.168,0.0873,0.271,94.819,217800,2,2UqYwWfjMDyCRnJc1Eebnn
243,0.384,0.39,-17.377,0.0275,0.84,0.899,0.102,0.687,105.386,332392,2,1w8AuoB6mjP8MsnHRoDSkW
244,0.414,0.157,-16.115,0.0325,0.915,0.015,0.0588,0.124,64.082,320356,2,48PojLpjonNmPElm0ntohW
245,0.243,0.0652,-21.076,0.0354,0.962,0.497,0.115,0.0419,78.164,223453,2,0mF2uLwZb2puMEiKI3hVYT
246,0.482,0.0767,-24.368,0.0348,0.773,0.0769,0.171,0.0546,115.525,319707,2,58XU0SbMcLJIFzrNXYhlX4
247,0.471,0.283,-15.997,0.0308,0.927,0.671,0.13,0.23,130.373,322362,2,5o7zflAK8LxDYuqpSDmwhM
248,0.356,0.0609,-16.031,0.0359,0.945,0.567,0.111,0.171,96.859,371120,2,2b908yzXY8uzaD4gMDcc8G
249,0.615,0.124,-18.408,0.0428,0.793,0.0796,0.108,0.319,126.548,393000,2,6BnDMyRz4KY8g9SoWlUfjq
250,0.399,0.0369,-24.292,0.0365,0.981,0.894,0.101,0.04,107.384,342000,2,3KGpKf2fo1UM661ptimvoD
251,0.669,0.183,-21.825,0.0433,0.901,0.895,0.126,0.428,85.991,235773,2,5Awwc8XXZPub32TbLWyOPp
252,0.405,0.354,-14.391,0.0354,0.828,0.816,0.104,0.256,142.061,324696,2,0QTq57fazdnHads8lz3G9G
253,0.308,0.165,-20.392,0.0384,0.724,0.889,0.078,0.0409,81.122,223707,2,5ntssQtDHWUdKBYiQDQP5I
254,0.494,0.31,-16.831,0.0574,0.597,0.125,0.0969,0.364,96.438,276040,2,6WaLMmbnmG1T2HWm5hwKOU
255,0.45,0.0944,-26.006,0.0359,0.917,0.866,0.0958,0.511,88.236,333213,2,6YDi1zFfIPb5DxYPLKPF3s
256,0.557,0.173,-16.243,0.0339,0.957,0.929,0.0904,0.207,62.002,347240,2,7q6UmBKNhBLgMt0dg9UKr2
257,0.661,0.155,-20.282,0.0452,0.862,0.867,0.122,0.415,132.597,185613,2,6teUPQnEbgYScxhKjVNcOc
258,0.648,0.264,-16.183,0.0441,0.826,0.836,0.106,0.545,137.367,180464,2,3wM2sEe8qcWoAZWlXB6pj1
259,0.6,0.579,-12.407,0.0359,0.512,0.865,0.107,0.719,114.492,294139,4,1KFhl1VNM6z4bpqAQETzTN
260,0.583,0.0238,-32.244,0.0369,0.994,0.847,0.103,0.426,108.74,131923,2,5RqKo9P4DLA0bVyY70cWkr
261,0.296,0.00896,-31.948,0.0394,0.994,0.91,0.0815,0.0673,69.44,257000,2,43bSKCMWHIuBsUVmQcDX1J
262,0.103,0.00526,-29.845,0.0468,0.989,0.839,0.0997,0.0433,82.597,118853,2,6a3LTwG4gwiC62EUNff5AD
263,0.458,0.0259,-27.928,0.0502,0.964,0.828,0.108,0.204,123.716,295547,2,0scC8HqVaRe04wA0EeAZLp
264,0.233,0.00786,-31.624,0.0528,0.958,0.905,0.106,0.0686,132.011,262000,2,171fKTIvL8wDal3N6Uv0Bk
265,0.175,0.0283,-26.8,0.0405,0.986,0.873,0.0721,0.0328,67.495,281667,2,7dZyWWwjruK9YiJiN9mbMC
266,0.114,0.0701,-23.417,0.0445,0.87,0.431,0.0916,0.0371,89.33,331933,2,7pgJTa3eZM4kkT2vsZUmFt
267,0.235,0.0561,-23.311,0.0442,0.95,0.29,0.119,0.0518,107.619,271560,2,6aANvQTjMgtOlCAaHlYcyn
268,0.205,0.0525,-23.841,0.0327,0.98,0.906,0.103,0.0511,88.316,174653,2,419qlOGNXoyICx4jO0hqaj
269,0.357,0.136,-21.212,0.0618,0.921,0.00342,0.264,0.409,88.931,194946,2,7staad9eqX2BbnJBQ8m9tc
270,0.0891,0.0894,-25.653,0.042,0.936,0.748,0.416,0.0728,80.828,284000,2,6t7lMFHSifu9j8NPMNCv9T
271,0.332,0.0525,-24.1,0.0388,0.991,0.891,0.0683,0.097,78.853,158600,2,2k2MprlqkmDMKKOOWGREzW
272,0.476,0.000707,-36.606,0.164,0.864,0.299,0.104,0.27,68.311,647973,2,2Lio4KTzsA8BPLhXmyo4CQ
273,0.219,0.0153,-33.563,0.0346,0.994,0.923,0.0934,0.1,57.439,312757,2,7BpDcPsVqfMgHdVglLK3Kt
274,0.487,0.00409,-38.66,0.0612,0.985,0.894,0.0965,0.16,115.369,242811,2,3iWo5Y9DpJNdFI3lERYgEy
275,0.371,0.131,-23.899,0.0422,0.898,0.925,0.0847,0.0656,106.872,442693,2,4PRnYCH5hoxypKVcOBvx3a
276,0.263,0.388,-11.125,0.04,0.266,0.0874,0.0933,0.152,137.852,231732,4,6xdhAIbohZbctt3rstAsnH
277,0.072,0.0538,-25.076,0.0462,0.974,0.822,0.101,0.0618,68.007,189000,2,1xKqK9hrIRN0rnHbRfmbv5
278,0.258,0.0238,-28.865,0.0428,0.994,0.904,0.106,0.0757,140.596,182647,2,4XPq8MBYuWi4Z5PzmebwYo
279,0.577,0.0227,-23.993,0.0419,0.992,0.895,0.0857,0.179,112.226,146827,2,50mxnK4endZNXF00cyoKh2
280,0.404,0.0409,-32.98,0.0433,0.989,0.908,0.0889,0.264,142.235,259375,2,3hWbgzfP4jE9rd6Tathuig
281,0.398,0.0252,-26.613,0.0624,0.992,0.914,0.108,0.117,74.696,291319,2,7yNdc5jF4CAe2TzFadHPKK
282,0.426,0.0616,-32.623,0.0417,0.996,0.907,0.0945,0.516,134.44,182373,2,6LKYTKdEEgikRjVjKXj3d9
283,0.402,0.0275,-25.462,0.0686,0.963,0.896,0.125,0.365,76.219,73679,2,0fqveSCZR2TqGAtEid72Ua
284,0.309,0.0108,-36.169,0.0478,0.994,0.929,0.0565,0.2,128.544,156467,2,76PT3Wp1xEYDkMFeLj5H8d
285,0.464,0.0216,-25.896,0.0466,0.987,0.863,0.0974,0.235,101.965,212040,2,21Fs9UuXGoESVVESdWTxZ5
286,0.522,0.0308,-26.86,0.0641,0.995,0.915,0.0805,0.313,72.551,284000,2,0ftAOThcYwpSDapJhDOy7o
287,0.392,0.501,-12.513,0.146,0.682,0.909,0.442,0.113,152.481,246760,4,6Olyr6tQ7DKWPJro6nn35C
288,0.184,0.0365,-28.57,0.0451,0.978,0.000201,0.0691,0.0352,92.433,134929,2,4VpLwqzkob5lUeTE9rCqcK
289,0.206,0.0645,-25.162,0.0396,0.985,0.894,0.138,0.0398,79.757,205560,2,3hgRiVuiBWVbpd4kBQD68m
290,0.282,0.0714,-26.705,0.0532,0.957,0.288,0.113,0.108,90.298,173000,2,4aGi0uWDjzW8asTmAlBJrg
291,0.254,0.0681,-25.069,0.0346,0.971,0.92,0.19,0.0916,100.078,182333,2,6qRi4Nuw8lU4pn0kK3LGJA
292,0.382,0.49,-12.627,0.0394,0.816,0.921,0.276,0.241,80.069,290992,2,6VbKfs0qEJBUfICAyon04g
293,0.165,0.0239,-26.612,0.045,0.995,0.922,0.0966,0.0953,66.737,418227,2,16xQMSrDSEWP5Lp8GrHGcu
294,0.39,0.0235,-32.271,0.0474,0.986,0.954,0.0646,0.189,80.233,108053,2,62Boz6NDFyOT3tKkSWis2E
295,0.159,0.175,-19.99,0.047,0.819,0.933,0.107,0.114,181.043,158933,2,3l8h6urWQ8SxZINH323Zc7
296,0.401,0.0127,-23.075,0.0586,0.995,0.906,0.0859,0.0691,130.857,379667,2,16lscXk0JZ078EVRAIN7Bs
297,0.28,0.103,-19.187,0.0391,0.982,0.958,0.0668,0.153,58.445,203926,2,7mX2xUpAPaMVh0zHhGoDkC
298,0.304,0.04,-23.131,0.0428,0.977,0.895,0.108,0.181,139.544,237480,2,6TS1h31F8I9SIBIwIvdKYk
299,0.354,0.00717,-23.13,0.0413,0.987,0.671,0.0959,0.116,80.517,212991,2,5BmNj3cDAyqSFw69VY12WU
300,0.323,0.0186,-28.248,0.0477,0.99,0.934,0.105,0.126,85.228,207640,2,6GLy7czJd5VC2Jf47lpj12
301,0.543,0.0449,-26.709,0.0374,0.932,0.9,0.0986,0.0745,146.132,189364,2,7AEf1Jc3htMKTWmFZOOGtR
302,0.193,0.0656,-19.239,0.0471,0.995,0.829,0.119,0.0359,128.975,402493,2,46tPGzCXCI2oKsemztDA9u
303,0.168,0.00571,-36.245,0.0404,0.995,0.92,0.068,0.0705,78.043,181693,2,4ObQ0m7VUtrgdEwpFeCKua
304,0.172,0.00592,-35.553,0.0454,0.975,0.000263,0.074,0.233,73.816,99244,2,6IUfNz7B3fwyI4FWPJdFWe
305,0.151,0.0857,-25.567,0.0521,0.984,0.0636,0.0899,0.0621,78.785,218107,2,6brnswWmZ8Xdf4MWeskofY
306,0.266,0.00361,-29.735,0.052,0.995,0.925,0.0723,0.0631,94.861,160453,2,29S6PLRccSCyKozzwIik0J
307,0.156,0.0645,-24.416,0.0516,0.993,0.9,0.0757,0.0363,89.281,109493,2,14DLTNK9HrUbwJM0H9FGxI
308,0.195,0.0429,-17.829,0.0381,0.879,0.00057,0.0787,0.0394,75.159,250800,2,7f6yQYQ600Klj3v56omFJR
309,0.213,0.0868,-27.444,0.0413,0.952,0.907,0.111,0.44,138.349,163733,2,6sLr7HzQe2xQVhBmhrT3vU
310,0.246,0.0735,-24.199,0.0675,0.994,0.894,0.0775,0.0378,66.541,161520,2,7auzpFwCwJhgwkQ8jQdtWb
311,0.152,0.0274,-29.234,0.0478,0.979,0.895,0.107,0.0398,88.171,300232,2,3mk0kPavvau5tz8b174cdl
312,0.37,0.0076,-33.663,0.0384,0.995,0.91,0.0864,0.278,62.668,176518,2,3NbAsIxDL0fVgNuCLD152P
313,0.106,0.132,-15.584,0.0531,0.894,0.632,0.127,0.0398,66.638,328894,2,0RpkVigRs7isnjAaK6WOdQ
314,0.406,0.00921,-31.822,0.087,0.984,0.906,0.0953,0.303,80.507,215800,2,2Imxyb3LiuXsDFo7Gq5YDs
315,0.209,0.0193,-31.754,0.0413,0.952,0.0125,0.296,0.0603,100.426,192373,2,2oBEw0ppansoY565M3QSjZ
316,0.197,0.00138,-43.657,0.0505,0.992,0.86,0.0508,0.228,72.243,220827,2,7wimV3Cs7awovZner8YvD5
317,0.239,0.0142,-29.65,0.0438,0.995,0.894,0.0659,0.306,172.559,243373,2,2Tz7fLm0pWasWCCfJiHPlJ
318,0.288,0.0386,-26.513,0.0374,0.976,0.937,0.103,0.133,132.239,142480,2,5liyqr2PFQKbYPKRAjedvq
319,0.321,0.0272,-25.066,0.037,0.993,0.919,0.0947,0.0632,74.69,221732,2,4h4py9AzEuUGBTJZO4ifnm
320,0.235,0.183,-15.257,0.0438,0.918,0.229,0.0985,0.0458,97.898,193320,2,0enxWAXiYB6JEVqzIRgDba
321,0.505,0.433,-13.923,0.0343,0.875,0.907,0.111,0.145,133.999,155805,2,3bagw7W1Q4nsecXdDV5CAx
322,0.174,0.143,-15.095,0.0495,0.92,0.857,0.119,0.0456,75.639,252920,2,5TglMMqjxSaHE9j4iIoJZt
323,0.245,0.077,-25.633,0.0305,0.957,0.843,0.121,0.0677,73.999,321820,2,2tJBG2m6K5jUKxzyTZm9Z7
324,0.102,0.0419,-24.896,0.0485,0.977,0.834,0.0866,0.0406,170.8,261720,2,7oenWdkfvoEySYVc0rH6Cq
325,0.246,0.144,-23.904,0.0456,0.994,0.902,0.0908,0.0558,66.196,36453,2,2mTYDD0oiG5L4BEvMPZsOO
326,0.199,0.0677,-20.879,0.039,0.786,0.738,0.225,0.145,78.866,307827,2,2LiWNkeUOAeibGxJKxmjsD
327,0.249,0.225,-16.879,0.0343,0.901,0.89,0.0987,0.158,77.956,279930,2,5D6GPHLuelrjivumi4YWwt
328,0.183,0.0157,-25.289,0.0374,0.993,0.962,0.0839,0.0373,73.068,149200,2,5J43zdQTc8ekUdknGU6c5M
329,0.151,0.0472,-25.197,0.0452,0.924,0.818,0.0716,0.0471,139.44,156333,2,1xxtp0zJZNTyMeE7vzKBOW
330,0.294,0.00785,-29.64,0.0667,0.994,0.956,0.0929,0.173,70.958,158520,2,1PINN6x0Riouab3wPSglpp
331,0.484,0.0193,-25.031,0.0477,0.993,0.936,0.0706,0.0732,70.447,223653,2,4kRZaiCbkpJWo6yxjuUrAF
332,0.2,0.0783,-24.392,0.0596,0.933,0.165,0.111,0.0406,97.801,372840,2,6Teem6p2CvvB9HDr2MUBq4
333,0.0979,0.0801,-19.643,0.0458,0.941,0.431,0.115,0.0608,75.314,192420,2,7nGA1sRfLDWXYb3VPstnZf
334,0.285,0.00453,-29.871,0.0459,0.995,0.845,0.109,0.0587,70.075,230181,2,7msmTNDbP3QWWuevPxcm48
335,0.384,0.0414,-23.019,0.0378,0.992,0.897,0.0684,0.0618,71.224,326520,2,5Pl2CXDkaP6WEnJ0bpKGOm
336,0.219,0.154,-18.17,0.0389,0.841,0.855,0.164,0.108,123.625,616187,2,3Hcn3NlLeDU4uQf0qJaaMt
337,0.223,0.227,-17.695,0.0343,0.871,0.891,0.063,0.127,103.618,469053,2,0XSRBlP49MgzBCYtGK2NYE
338,0.177,0.127,-19.167,0.0394,0.903,0.901,0.114,0.0612,149.698,485667,2,6HknRM996YMa7VSBFYlnPJ
339,0.366,0.0433,-30.56,0.0416,0.99,0.903,0.085,0.356,88.452,204007,2,7FTzC8srNaQ0fTNOCyPeib
340,0.0989,0.0176,-30.951,0.042,0.978,0.651,0.0763,0.0351,89.327,272440,2,3gEyQ5y2NvIaqfTG4VU98n
341,0.099,0.0567,-20.712,0.0398,0.96,0.81,0.104,0.0456,82.744,170400,2,3Ii2KG3YLrC0KNbuJKAFj2
342,0.152,0.0104,-29.801,0.0348,0.981,0.00198,0.12,0.0345,103.39,332720,2,7lCXrO0Axkl0l0TjCOkFLN
343,0.183,0.0465,-22.96,0.0462,0.671,0.795,0.0994,0.151,88.055,250333,2,5jhPy1TXr41vrh6NsUSdCc
344,0.119,0.031,-31.179,0.0483,0.964,0.165,0.111,0.0388,88.858,156573,2,123zFAGx0F5ScgrLrCWGDX
345,0.23,0.2,-18.457,0.0404,0.931,0.934,0.0855,0.185,103.923,204373,2,18ZnvEB9bxLnvSogWRek79
346,0.125,0.0734,-21.889,0.0351,0.553,0.875,0.176,0.0347,96.982,710000,2,7BmRd83zm8CHffrAPe2ZR7
347,0.134,0.177,-16.486,0.0429,0.547,0.356,0.108,0.0639,86.181,176547,2,3POuw6qjxYxsySeGC3my1c
348,0.201,0.0113,-37.468,0.0447,0.971,0.000853,0.0678,0.0387,128.673,201000,2,3U34uG4BRoMb0lrlrOhtxC
349,0.176,0.132,-16.932,0.0408,0.953,0.586,0.0886,0.0835,74.287,119627,2,7x5ULIYm82gnWvhYCXfzyj
350,0.0986,0.0949,-21.002,0.0441,0.993,0.353,0.0847,0.0363,174.628,232667,2,1aJcDNDrKduMegTZzOemVd
351,0.625,0.351,-15.884,0.0423,0.878,0.938,0.0569,0.794,116.961,191493,2,1bTXAKwE2Hztv13xTAhMQB
352,0.428,0.237,-13.764,0.0351,0.987,0.896,0.0849,0.357,79.904,460027,2,64ta7ZvTJeThz7Ns4LmAHS
353,0.39,0.0462,-24.885,0.0429,0.976,0.624,0.0893,0.305,79.268,307893,2,2z7iDr3N4NbW4VmwpQWbTS
354,0.262,0.107,-17.973,0.0448,0.959,0.463,0.195,0.136,76.65,147040,2,2Cc5z5swQrDqZiyCkZ0TnF
355,0.354,0.208,-17.761,0.0388,0.948,0.918,0.0802,0.327,148.049,431787,2,1SHixA41Vy0TTlJJSX9Gbo
356,0.235,0.166,-19.632,0.0347,0.992,0.87,0.101,0.0356,101.182,295560,2,5bi8ryL6gy6a1BRXOf43y9
357,0.443,0.177,-17.215,0.0361,0.842,0.762,0.0998,0.367,74.39,381452,2,2842sfEeH0y3YinrowwkX0
358,0.38,0.254,-24.967,0.0365,0.992,0.926,0.117,0.805,101.1,206427,2,0nrCOJpS3gpwLvoANVZEeJ
359,0.164,0.0185,-30.778,0.0412,0.988,0.888,0.0801,0.078,86.65,157067,2,5a0nC0tGDJBpGMZu3PeekY
360,0.5,0.0123,-30.17,0.0712,0.995,0.954,0.0748,0.313,130.128,186840,2,18QVbIw5S0MJHGWF2qLX75
361,0.0704,0.0657,-19.466,0.0387,0.948,0.874,0.108,0.0361,61.017,1150160,2,36ArELybUeOgq9TCjrMsIb
362,0.0667,0.047,-25.426,0.0425,0.928,0.9,0.0652,0.0281,75.446,596000,2,5NQ41wfi4Pykv4eDTlAoIs
363,0.354,0.0179,-24.846,0.0385,0.982,0.906,0.0831,0.0381,61.202,334053,2,1EGFCxKCQ3isMnlPzEW8G1
364,0.59,0.00399,-36.497,0.242,0.996,0.946,0.0683,0.182,74.381,219760,2,7kTVe6XhIveidvkt8nb7jK
365,0.441,0.319,-13.99,0.0392,0.829,0.0,0.0765,0.671,99.419,453507,2,3nxaPqAOxUxkLhIhbvmv4t
366,0.11,0.128,-21.281,0.0458,0.979,0.871,0.368,0.0398,81.059,649200,2,0iEIVX3DPGPX3ESUEXNsQv
367,0.102,0.0259,-30.196,0.0444,0.964,0.864,0.0972,0.0319,90.128,644333,2,02dVj5B3vXOjylEFYCCsYQ
368,0.106,0.227,-15.286,0.0462,0.877,0.738,0.112,0.0391,59.94,530280,2,1t4F79zRBJTwZAzmbO1LI0
369,0.233,0.0637,-22.57,0.0373,0.918,0.947,0.118,0.268,135.338,180000,2,2f0RHvSl1vVGsnT9oxOHsS
370,0.375,0.121,-23.44,0.0406,0.984,0.871,0.0984,0.453,147.398,424307,2,0Gh45IbIKOG9IucFfrZqLT
371,0.444,0.116,-23.172,0.041,0.977,0.868,0.0862,0.512,150.319,145613,2,06am46cX3Z6YlSsg0TyVHA
372,0.159,0.0401,-27.516,0.0446,0.984,0.76,0.156,0.106,106.239,462627,2,67TCAXIe154ZGDNaWceqxC
373,0.548,0.208,-21.278,0.0421,0.764,0.22,0.0929,0.79,144.352,230507,2,4ZP3UMVksKg07IeeAjHkEy
374,0.0874,0.0474,-23.13,0.0532,0.924,0.768,0.149,0.0331,72.393,236827,2,7wvy3ROg2vEJyWgjDvMD8m
375,0.37,0.248,-10.47,0.0371,0.965,2.12e-05,0.0911,0.384,133.33,141600,2,5cR6xfzyicyDyAr52zB48k
376,0.191,0.0946,-25.59,0.037,0.99,0.933,0.101,0.348,111.21,100347,2,1Q9JMojxHHF6JbEJAKJLgj
377,0.129,0.00212,-43.738,0.0417,0.866,0.662,0.082,0.039,99.253,208067,2,1CDEWKmyRTPWWa7uIKVSU4
378,0.123,0.225,-16.798,0.0351,0.73,0.509,0.0658,0.055,78.132,192453,2,0mTUTkFQ2MxmUHFL8EdfeR
379,0.194,0.101,-21.772,0.048,0.931,0.714,0.221,0.074,91.74,266733,2,5UUNrbwbYIkNshq22NNKrX
380,0.24,0.0834,-29.545,0.0499,0.978,0.944,0.0804,0.188,169.621,159320,2,4VVEfBXep7FdOt524jkfLF
381,0.405,0.318,-17.14,0.0565,0.938,0.723,0.284,0.342,151.434,424653,2,7hOLwSaTSkrqxSMzj4bXI1
382,0.291,0.0981,-23.156,0.0398,0.95,0.865,0.275,0.194,138.168,249640,2,76i4IBw3KsuDw783tvHB0e
383,0.0992,0.226,-14.84,0.0339,0.937,0.903,0.183,0.0605,79.518,256493,2,53ann6bENp7BF8uklrzQAp
384,0.339,0.0937,-20.267,0.0394,0.931,0.293,0.252,0.458,123.048,167640,2,0qFZYO72iBOhW7X6KbL44Q
385,0.457,0.757,-5.177,0.032,0.0206,0.0,0.146,0.417,102.961,266600,3,2ihCaVdNZmnHZWt0fvAM7B
386,0.551,0.881,-6.099,0.0542,0.186,0.0791,0.152,0.387,88.036,153000,3,7zwn1eykZtZ5LODrf7c0tS
387,0.345,0.941,-9.918,0.0466,3.84e-05,0.633,0.0511,0.407,179.626,147062,4,7EkWXAI1wn8Ii883ecd9xr
388,0.391,0.808,-6.209,0.0892,0.0759,0.0,0.149,0.737,100.304,203507,3,7BHPGtpuuWWsvE7cCaMuEU
389,0.549,0.754,-4.011,0.0407,0.000675,6.24e-06,0.0912,0.828,139.052,189693,3,4JHg4nNYUJQ5HULcCmI18R
390,0.277,0.663,-8.821,0.0377,0.000409,0.00051,0.136,0.527,104.561,237027,3,20I8RduZC2PWMWTDCZuuAN
391,0.551,0.819,-4.489,0.0525,0.0103,0.0437,0.153,0.846,174.917,137760,3,2DrGEaqoruCSn0FffWCf5O
392,0.489,0.649,-5.11,0.0336,0.000603,0.713,0.101,0.77,158.009,219827,4,57Xjny5yNzAcsxnusKmAfA
393,0.489,0.769,-3.524,0.038,0.00135,0.56,0.0727,0.637,128.985,215827,4,4absiGHMelB8eH976ytjBj
394,0.368,0.936,-3.207,0.0623,0.0146,0.00192,0.0923,0.568,164.427,203733,4,2EtZFeLn9msgg4qJzT9Vql
395,0.401,0.933,-5.682,0.0344,0.00744,0.627,0.318,0.734,127.193,310893,0,0xOeB16JDbBJBJKSdHbElT
396,0.531,0.711,-4.933,0.0398,0.000204,0.00291,0.108,0.279,155.068,256307,4,5ykbOijJEfRhuo2Td1m0Qd
397,0.542,0.531,-7.481,0.0301,0.0033,1.51e-06,0.338,0.671,105.97,183391,0,56NkIxSZZiMpFP5ZNSxtnT
398,0.416,0.827,-5.177,0.0384,0.00428,0.000242,0.277,0.87,169.902,236712,0,47TQjzeG4KI0XWWb0wkbri
399,0.634,0.599,-5.447,0.0365,0.0288,0.0,0.197,0.312,112.215,175440,3,2fyIS6GXMgUcSv4oejx63f
400,0.331,0.961,-4.627,0.0663,0.000146,0.0,0.322,0.882,168.355,161720,0,6gGSSrKMiV2yec1DrqGhhy
401,0.356,0.872,-7.837,0.068,0.00417,0.00975,0.0997,0.607,166.3,193653,4,5G1sTBGbZT5o4PNRc75RKI
402,0.438,0.94,-3.249,0.0452,8.74e-05,0.0777,0.3,0.421,100.99,261000,0,4iG2gAwKXsOcijVaVXzRPW
403,0.459,0.883,-4.1,0.0476,0.000491,0.0267,0.118,0.338,147.943,237533,4,1rcu88dzWE5GyqtpuWvd0C
404,0.324,0.772,-6.95,0.0371,0.000609,0.173,0.12,0.291,135.737,343627,4,51xBgzcyzojRpqFW2ICQAB
405,0.591,0.939,-4.911,0.0533,0.000156,0.0111,0.0882,0.856,150.249,200400,3,6U5hUX40OWY6l0HaPUWElZ
406,0.545,0.873,-5.193,0.0825,0.0263,9.1e-05,0.145,0.748,150.841,208973,3,2Uf9WTBWMA8S9Lh3k3Rui6
407,0.535,0.948,-4.19,0.0356,0.00225,0.0,0.376,0.778,103.183,173680,0,3DQVgcqaP3iSMbaKsd57l5
408,0.624,0.91,-5.703,0.0297,0.0285,0.000198,0.0789,0.767,104.042,193051,3,7kzKAuUzOITUauHAhoMoxA
409,0.37,0.941,-4.783,0.0602,5.26e-05,0.675,0.0732,0.382,120.501,251547,4,2urZOEgVXM7rj59Ui0FuNn
410,0.446,0.91,-4.481,0.0652,0.000254,9.76e-05,0.077,0.325,133.053,236887,4,1B241LRKmK6qDDTZfUajmm
411,0.41,0.803,-5.363,0.0623,0.239,0.0,0.103,0.814,153.315,169307,3,5xoUgPXbMNUmoHU0Enwtwq
412,0.596,0.894,-5.407,0.0265,0.00878,0.00659,0.104,0.572,132.994,260387,3,36PQh1G6h7n9VWB799fXpI
413,0.395,0.979,-3.241,0.0766,0.0243,0.0,0.12,0.41,158.842,233187,4,75D3n6wnFQmu1HVmLAlWM4
414,0.579,0.917,-5.4,0.048,0.0306,0.000579,0.143,0.387,121.989,190867,3,11EOvxJRG665bwRU0z6YVa
415,0.502,0.941,-5.194,0.0716,0.000346,0.319,0.553,0.124,119.783,219987,0,0hDQV9X1Da5JrwhK8gu86p
416,0.451,0.931,-3.871,0.0719,0.00076,0.0049,0.361,0.172,122.961,302840,0,1jJci4qxiYcOHhQR247rEU
417,0.654,0.828,-5.377,0.0281,0.00146,0.000144,0.122,0.79,112.056,183893,3,2x8evxqUlF0eRabbW2JBJd
418,0.585,0.717,-8.379,0.0311,0.0561,0.0148,0.366,0.636,111.563,450984,0,7uMZy0bALAdneerERyr7Ks
419,0.526,0.723,-5.59,0.0294,0.3,0.00698,0.058,0.744,159.685,246213,3,04uR2cdkgiaLIzebPcs25m
420,0.555,0.881,-2.332,0.0332,0.0598,0.628,0.369,0.676,118.671,247907,0,74tnaKUsXIXeY3ryb9pfjG
421,0.471,0.75,-4.864,0.196,3.13e-05,0.103,0.271,0.652,162.944,175907,1,4N90LxX3kWhJucPQ484Qy9
422,0.452,0.805,-4.368,0.0299,0.00551,3.18e-06,0.221,0.708,114.431,246120,3,6gaWfLDoeG1eoiDAVBN4i8
423,0.691,0.631,-6.478,0.0368,0.0483,1.13e-05,0.104,0.8,92.004,161124,3,086myS9r57YsLbJpU0TgK9
424,0.211,0.849,-3.994,0.116,0.00605,0.000436,0.263,0.59,175.616,180267,0,4KspXoCVJXGY1VrvEe1Hdm
425,0.463,0.836,-2.776,0.0381,0.000418,7.38e-06,0.25,0.713,141.955,165120,0,6BqWhxll86CGGE6WxgdRqG
426,0.231,0.919,-6.182,0.0722,0.00313,0.00442,0.0643,0.128,146.94,300720,4,78tgXRq9Q6tPNP9hKCpgwB
427,0.659,0.591,-6.713,0.0313,0.441,0.000861,0.0862,0.707,121.14,245640,3,73M2Vb5MfZh8iGKudkMtlw
428,0.348,0.875,-4.758,0.199,0.0341,0.0,0.117,0.407,169.152,202133,4,2zzLRQ78kKfPTx8FJQCdC2
429,0.647,0.532,-5.464,0.0282,0.0112,0.000271,0.1,0.621,96.979,187720,3,5cIWkWH6xVdEllQ9ksuu2E
430,0.421,0.95,-4.603,0.0662,0.00145,1.1e-05,0.245,0.472,160.02,192120,0,7MfNoHB8JRNbSQ8P3eAfMQ
431,0.509,0.922,-2.823,0.031,0.0219,0.00117,0.496,0.645,92.5,218787,0,3IXRdLsQib8m0hBbQpe7T8
432,0.699,0.812,-6.005,0.0377,0.0164,0.000763,0.105,0.662,138.185,276693,3,4dyx5SzxPPaD8xQIid5Wjj
433,0.699,0.6,-6.328,0.134,0.00231,0.00963,0.114,0.586,142.037,148092,3,7lnXzMcgaK7CnzaQ7wj6k0
434,0.637,0.963,-5.116,0.0882,0.000286,0.000889,0.0449,0.823,150.1,165000,3,5kxVyCgEUND7E2QKG7JmoF
435,0.574,0.807,-5.319,0.0348,0.00117,0.0,0.127,0.656,134.972,183852,3,3lHh76erVVIK364LN7KBRr
436,0.601,0.37,-10.543,0.0343,0.834,5.93e-05,0.112,0.455,121.934,233499,3,3B4eW2VXGdOdsbTyfF5oDE
437,0.516,0.322,-11.762,0.0292,0.473,0.00194,0.215,0.261,148.005,182888,3,2L9N0zZnd37dwF0clgxMGI
438,0.733,0.721,-9.131,0.128,0.0135,0.00103,0.125,0.602,144.975,137187,3,2hGchv7KYaINz9Z1qzufNm
439,0.698,0.635,-9.093,0.0411,0.0766,0.00303,0.0983,0.273,105.995,212065,3,5je2hi3IPkN0DnDKYpZWds
440,0.656,0.838,-8.407,0.041,0.25,0.00281,0.207,0.74,132.981,131253,3,3NanY0K4okhIQzL33U5Ad8
441,0.651,0.508,-6.543,0.0324,0.428,1.22e-06,0.113,0.548,100.085,187100,3,4whpHwKr9rH2MTFzXk7mkW
442,0.392,0.541,-8.68,0.0641,0.102,1.02e-05,0.288,0.447,181.866,306656,4,3PzeZR8CqtwXmSn5AVao7J
443,0.617,0.901,-2.863,0.043,0.237,9.04e-05,0.55,0.617,100.012,155998,0,4lAasiKJZR4CkDygazvpvB
444,0.601,0.876,-2.75,0.0661,0.141,0.000919,0.13,0.622,129.996,179006,3,6DcI73tbK4PoyI3GGV4zZS
445,0.329,0.444,-9.973,0.0417,0.0578,0.0352,0.113,0.225,162.279,282206,4,1170VohRSx6GwE6QDCHPPH
446,0.492,0.807,-3.677,0.0854,0.205,0.00275,0.384,0.477,107.087,229805,0,6luBKkFUt5wTwz7hpLhp12
447,0.669,0.52,-9.599,0.032,0.198,0.0947,0.26,0.636,142.512,189284,3,1Gvnzb3F9LghE6vaPC1qhI
448,0.471,0.773,-6.862,0.0478,0.142,0.289,0.224,0.527,166.945,203876,4,1PZhJNvdDjpsjZWrkfgff4
449,0.612,0.598,-8.005,0.056,0.135,0.00423,0.106,0.186,179.965,173333,4,1WdudtCCuMjsLNGgZwR1gd
450,0.533,0.74,-5.767,0.0359,0.089,2.95e-06,0.337,0.465,89.934,185040,0,2e2AXpIiJpet5b4qg85Gh6
451,0.312,0.966,-1.431,0.123,0.0846,7.83e-06,0.235,0.454,89.514,198027,0,6cJSXxvl9l94huIUIqsEQo
452,0.51,0.934,-6.383,0.0406,0.218,0.00567,0.0747,0.74,156.861,240000,3,0Mrm083tqUaTGUkiluSORf
453,0.646,0.85,-5.466,0.0428,0.363,4.01e-05,0.0994,0.819,96.538,212568,3,14dJexYlvd3t3XAtD1pYW1
454,0.664,0.5,-6.935,0.0651,0.799,0.0,0.0966,0.801,117.896,182347,3,0GNVXNz7Jkicfk2mp5OyG5
455,0.548,0.456,-5.979,0.0703,0.813,0.00464,0.122,0.53,173.839,209188,3,31Wlc9ZnraX3JxrvMg9e8H
456,0.765,0.582,-4.528,0.12,0.245,8.21e-05,0.154,0.36,132.992,171280,3,0PLhwCmQ7cC3ThRGPn3HxF
457,0.404,0.268,-9.631,0.0341,0.583,0.0,0.102,0.124,134.587,268433,4,4WjxtORnwPavm5PDsAWJEc
458,0.54,0.11,-19.885,0.0328,0.498,0.000614,0.0781,0.172,76.068,290132,2,7LNm1oWd6PniO9wRYpNY5o
459,0.58,0.788,-4.714,0.259,0.0123,1.84e-05,0.368,0.72,148.992,182426,1,7tLTxOJY6cjQz4aJYMs8Nu
460,0.751,0.595,-6.422,0.0274,0.209,0.00268,0.0881,0.713,92.999,160493,3,12UQIJePnGeLmpVReYpG2w
461,0.638,0.404,-8.31,0.0292,0.407,7.64e-06,0.0961,0.406,115.007,206893,3,40GNYv0ldvcenD3hxFp1Kn
462,0.522,0.957,-4.924,0.0687,0.0515,0.0014,0.144,0.917,170.91,178618,3,0eNfURq0r0oNSwFyw1VuVT
463,0.686,0.682,-7.656,0.0459,0.0443,0.0131,0.43,0.854,84.985,192000,0,0T7aTl1t15HKHfwep4nANV
464,0.553,0.71,-6.657,0.0424,0.0118,0.00111,0.149,0.262,83.026,227374,3,7GtOjSSp5Qyi3gNbNDZgja
465,0.643,0.687,-5.265,0.0436,0.00312,3.43e-06,0.0714,0.208,121.975,217126,3,56kItkqB3oSsLrXK4p3ja4
466,0.763,0.777,-4.404,0.0541,0.0203,1.65e-06,0.0534,0.841,114.989,232267,3,55RszydvrfNlZ2BQdF1c4q
467,0.753,0.266,-11.453,0.0478,0.759,0.0,0.11,0.321,142.026,235035,3,1WThEmIxSyaqG6fVsyCmcL
468,0.692,0.627,-6.104,0.0564,0.0836,9.38e-05,0.198,0.36,118.0,232625,3,4bp2wYweUPvsBrQfntdYcr
469,0.595,0.891,-3.928,0.0353,0.319,0.0987,0.327,0.539,95.013,211783,0,3lNBpsW30g2xSngVw2l1U7
470,0.668,0.902,-3.924,0.0386,0.169,8.74e-05,0.198,0.913,119.008,262624,3,0uBdQzKghx88d2Lp8SLFKJ
471,0.795,0.584,-5.758,0.0396,0.172,2.99e-05,0.103,0.785,127.05,146274,3,0ZpHuEhi1CvOJgrqOSy8mv
472,0.657,0.657,-5.707,0.0478,0.64,0.0,0.287,0.375,130.002,188308,3,4Z3Mmn6cIeuKprHQyyAbXQ
473,0.658,0.408,-9.798,0.0287,0.0674,1.97e-05,0.105,0.201,112.97,176547,3,4tpguuBe7cTThXmDCYSJZq
474,0.657,0.655,-6.38,0.0348,0.0323,4.95e-05,0.197,0.63,133.012,266400,3,77Gdk4vNjXNxQ3fTBu3Nbq
475,0.706,0.617,-9.362,0.0392,0.106,0.000415,0.113,0.247,99.995,216375,3,4Q5LWPIKCuV6LRdDeqOYM7
476,0.647,0.591,-7.09,0.0304,0.0456,0.0108,0.143,0.512,127.999,176001,3,2A6wArvnvzSSSrAtTgQL4x
477,0.551,0.865,-4.616,0.0406,0.000668,0.0,0.108,0.702,140.036,193836,3,7uTqmYA0sSjmDVpQNGDz7j
478,0.762,0.564,-6.504,0.0353,0.137,0.00229,0.291,0.485,106.015,221092,3,11xCgS8k2RSzgngwkOqJV6
479,0.58,0.895,-5.224,0.0396,0.099,0.0117,0.0911,0.356,116.953,207813,3,1SldN7GTd0ADTjspv96wCl
480,0.67,0.624,-7.68,0.0294,0.116,0.00366,0.131,0.407,129.987,247375,3,6GqesoY3jZD9BqT1v4UEmk
481,0.677,0.428,-8.026,0.111,0.296,0.0,0.0728,0.504,103.522,179280,3,26NhDr8bfNqIkmkFCoFdeI
482,0.641,0.773,-5.182,0.0676,0.00169,0.000189,0.115,0.555,114.677,213025,3,0MtRE3z0MqQp9ZgYVW9s8u
483,0.552,0.653,-8.632,0.0523,0.29,0.00124,0.247,0.647,119.672,173320,3,4E3JYij2hnEDDP0Rgwikq6
484,0.852,0.376,-10.434,0.0485,0.408,0.452,0.0956,0.484,114.999,187072,3,5vbnQr1tWSSREmcIONIUm9
485,0.687,0.768,-5.898,0.215,0.685,0.000202,0.0904,0.519,159.009,167842,1,2pCR7dwwRpeAAnpUr1Ekwz
486,0.514,0.744,-5.507,0.0725,0.0499,2.7e-05,0.0939,0.618,170.06,266912,4,7kqwuYDC4u3vgN1xevrmGp
487,0.69,0.728,-5.684,0.0323,0.0173,0.00132,0.175,0.658,117.013,235280,3,181PmaC6c39r59gfhDGKdh
488,0.625,0.813,-7.734,0.0304,0.148,0.00232,0.114,0.393,94.009,214320,3,1NtoOI83OIXz4NXPj2VaKV
489,0.751,0.576,-8.055,0.0415,0.227,9.99e-05,0.0966,0.801,105.013,221493,3,3se5Q9CtQLv26cFWYOcExQ
490,0.63,0.468,-7.887,0.0485,0.365,0.00163,0.0994,0.648,172.118,170488,3,2IKix80lBA5ppm6096p5U7
491,0.539,0.709,-6.687,0.0321,0.154,0.0666,0.161,0.41,163.944,166303,4,2TaCG1ArsxRsUyZhqy5jei
492,0.824,0.618,-5.435,0.0656,0.0132,0.0,0.0872,0.676,120.028,243236,3,7uvxkcv7FWVh4wE91I8Bi2
493,0.654,0.772,-6.658,0.0643,0.164,0.00399,0.1,0.548,160.067,183114,3,1JNVs1DgzDKcL83wiXjQMv
494,0.407,0.258,-7.307,0.0305,0.894,0.0,0.0739,0.285,135.247,222651,2,7N1tjTxJe6k5wakOqpNbCj
495,0.844,0.421,-6.421,0.11,0.718,0.000303,0.134,0.741,140.064,207685,3,4Xl7ibqczUliZV3RNOnBzq
496,0.707,0.86,-5.69,0.0408,0.121,0.0,0.255,0.861,102.969,190933,3,41aABK6UlttIeeGplvwW5t
497,0.644,0.689,-5.977,0.0344,0.152,0.0,0.119,0.687,120.005,167290,3,09IAjxegM08998hgb6ZScZ
498,0.642,0.609,-5.929,0.0293,0.0116,0.00237,0.11,0.284,100.062,164197,3,7JrYr89YEIGwWqiEFUlSvj
499,0.706,0.751,-5.801,0.0829,0.114,0.0,0.0833,0.788,172.027,150707,3,3rgnM3MBkpsuVeSwmtXYia
500,0.702,0.826,-5.588,0.078,0.000416,0.596,0.0333,0.977,150.018,151267,3,2JLjlI1OGUSHL32Ex733IB
501,0.616,0.709,-6.819,0.0738,0.673,0.00198,0.0657,0.907,162.042,187850,3,79oft65PDY4LL7MoLQ6Nxp
502,0.653,0.758,-5.916,0.0995,0.00244,1.63e-05,0.129,0.228,115.998,268993,3,5vYaBqOAT6JpZlAD3gO1AO
503,0.662,0.6,-7.038,0.026,0.483,0.00741,0.174,0.445,107.952,156142,3,7BvU5P5RgbZ12LJdpF4iPK
504,0.612,0.684,-6.801,0.0316,0.384,0.0235,0.213,0.697,140.985,163051,3,1WcVAZYGMKdd2cqeDpuDGI
505,0.514,0.305,-11.26,0.031,0.747,1.58e-05,0.165,0.336,49.534,152141,2,3X3cftpXwcSXQM4fC5ihdo
506,0.657,0.737,-8.028,0.0574,0.0201,0.0,0.179,0.768,153.045,133000,3,4DdNJPSeSHacmc04nlvwx1
507,0.813,0.541,-10.949,0.059,0.301,0.000416,0.0668,0.235,129.956,186644,3,0BwDF0PRX9skmZ0BUWmLOF
508,0.657,0.689,-6.053,0.0812,0.00482,0.0,0.0692,0.438,104.963,199042,3,3wrgRknQKf58IIEbV4flhx
509,0.655,0.543,-10.159,0.0822,0.449,0.00486,0.098,0.337,135.97,189561,3,2NrgoKvt52oUq4qufUAoMh
510,0.785,0.572,-7.504,0.123,0.0598,0.0,0.218,0.49,100.016,235284,3,7mWFF4gPADjTQjC97CgFVt
511,0.762,0.766,-3.955,0.0343,0.00776,6.98e-05,0.128,0.442,130.001,287120,3,5fwSHlTEWpluwOM0Sxnh5k
512,0.789,0.694,-5.781,0.0729,0.0982,0.0,0.0962,0.549,96.035,341875,3,5QXQy0f2q8wJNpPwJtjifx
513,0.911,0.712,-5.105,0.0817,0.0901,2.68e-05,0.0933,0.425,92.005,178567,3,6Sq7ltF9Qa7SNFBsV5Cogx
514,0.327,0.941,-3.294,0.353,0.0231,0.0,0.0636,0.707,129.738,199236,1,6ku3i5WNrsY3qhOq6ua9TL
515,0.737,0.86,-2.652,0.0593,0.11,1.94e-06,0.0574,0.656,93.989,193227,3,5w9c2J52mkdntKOmRLeM2m
516,0.816,0.538,-6.354,0.0617,0.0142,0.000496,0.099,0.156,97.054,210368,3,3gE4eQH3K83Sght0ZLvuBK
517,0.842,0.801,-4.167,0.228,0.157,4.82e-06,0.0642,0.617,95.881,212500,1,0KoiMHhqKLoL4xM54rcWYY
518,0.61,0.624,-4.773,0.309,0.6,2.12e-06,0.243,0.244,176.169,250534,1,2TH65lNHgvLxCKXM3apjxI
519,0.894,0.635,-6.929,0.0473,0.193,0.00105,0.0823,0.428,105.013,249143,3,14wf185UxfNbSy8dwt4r4q
520,0.918,0.602,-3.986,0.115,0.401,7.28e-06,0.0805,0.158,96.518,275693,3,42FWqCxAw5aG1FvjyVjIlH
521,0.795,0.845,-3.809,0.135,0.105,1.14e-05,0.172,0.769,170.023,254920,3,6DoL1yYIwEW7VZMRaJhoJI
522,0.776,0.509,-6.266,0.467,0.192,1.49e-06,0.115,0.485,94.634,129371,1,4w47S36wQGBhGg073q3nt7
523,0.721,0.716,-7.037,0.0657,0.0334,0.00084,0.237,0.667,104.994,221714,3,6cy3ki60hLwimwIje7tALf
524,0.773,0.57,-3.482,0.113,0.372,0.00524,0.108,0.772,95.038,187125,3,0FDMH2ahuIVzCybwHJK9zh
525,0.635,0.902,-3.559,0.109,0.172,0.0,0.125,0.285,102.062,217822,3,3eqOaTqnyb0GEgv6JInG6W
526,0.594,0.808,-2.409,0.0489,0.415,1.39e-05,0.565,0.919,188.09,194892,0,4VgYtXCVJ7IbWAZ5ryfvEQ
527,0.882,0.689,-4.027,0.124,0.39,0.00325,0.0501,0.746,97.963,161627,3,2qG5sZ7Si6sdK74qLxedYM
528,0.793,0.771,-3.417,0.0959,0.0337,1.51e-06,0.284,0.835,171.943,247308,3,35UUpTmrcFXNIVIN26ujXl
529,0.795,0.783,-4.271,0.0432,0.361,0.0,0.437,0.799,92.01,266087,0,4t9a07PAghtQMRAIP9FQ7Z
530,0.621,0.782,-5.548,0.044,0.0125,0.033,0.23,0.55,128.033,198938,3,2tTmW7RDtMQtBk7m2rYeSw
531,0.655,0.797,-4.787,0.153,0.198,0.0,0.067,0.839,177.928,229360,3,6habFhsOp2NvshLv26DqMb
532,0.639,0.791,-4.443,0.253,0.0275,0.0,0.362,0.939,92.603,222347,1,25ZAibhr3bdlMCLmubZDVt
533,0.674,0.694,-7.076,0.109,0.313,7.17e-06,0.0752,0.203,101.993,199179,3,3tJ4y2Zqx6gM9xOAuFfsSF
534,0.663,0.857,-2.16,0.0544,0.0542,0.0,0.144,0.931,126.039,200213,3,6Vh03bkEfXqekWp7Y1UBRb
535,0.732,0.396,-9.348,0.0286,0.0841,3.58e-05,0.105,0.548,90.024,195920,3,6i0V12jOa3mr6uu4WYhUBr
536,0.554,0.772,-4.821,0.0418,0.00487,6.6e-06,0.354,0.455,179.984,223546,0,6F5c58TMEs1byxUstkzVeM
537,0.868,0.7,-6.408,0.1,0.0933,0.00685,0.0815,0.458,121.988,194754,3,7b9WVKS9dt9OyRFAbGTP8P
538,0.759,0.699,-5.745,0.0307,0.202,0.000131,0.443,0.907,92.96,211067,0,3MjUtNVVq3C8Fn0MP3zhXa
539,0.516,0.595,-4.63,0.0313,0.0275,0.0,0.109,0.222,119.972,340707,4,5Ohxk2dO5COHF1krpoPigN
540,0.426,0.584,-5.293,0.296,0.0383,0.0,0.188,0.272,193.437,193213,1,5mMjkxGijQB4JZallYrkOW
541,0.599,0.448,-6.312,0.0232,0.163,0.0,0.106,0.168,95.05,263400,3,0tgVpDi06FyKpA1z0VMD4v
542,0.774,0.753,-5.446,0.0517,0.152,0.0,0.0371,0.896,119.002,219147,3,76hfruVvmfQbw0eYn1nmeC
543,0.608,0.798,-5.092,0.0432,0.0736,0.0,0.156,0.501,92.943,185352,3,6Bjtr3tPdto5nyuLYf61sN
544,0.751,0.736,-4.168,0.156,0.0206,0.0,0.265,0.352,130.014,262147,0,1ve0SgTZkv3wdggJLqtBYU
545,0.262,0.606,-6.646,0.0484,0.247,0.0,0.125,0.275,189.857,252534,4,3zHq9ouUJQFQRf3cm1rRLu
546,0.722,0.821,-3.856,0.165,0.073,0.0,0.631,0.721,127.944,210293,0,2OsEJFTfzfjG4oC92cuP2c
547,0.753,0.598,-7.166,0.064,0.247,0.0,0.146,0.666,105.947,154167,3,1I1fJSRS6S8FE4dTkOQezu
548,0.661,0.729,-6.561,0.0376,0.00215,0.0013,0.0477,0.668,103.987,232120,3,6ce41JVa6KFaryfmC2bu2W
549,0.613,0.857,-5.492,0.0366,0.0012,0.0,0.358,0.664,124.987,182000,0,56ZrTFkANjeAMiS14njg4E
550,0.775,0.904,-4.08,0.0437,0.0271,0.000303,0.06,0.84,130.009,219893,3,5st5644IlBmKiiRE73UsoZ
551,0.669,0.78,-4.287,0.053,0.0265,1.63e-06,0.143,0.738,139.945,212333,3,5ka2ajep9OAvU5Sgduhiex
552,0.773,0.758,-4.993,0.0381,0.0422,0.0,0.305,0.925,144.033,224840,3,18n3RlT0UNcy2yHImHy8IT
553,0.647,0.822,-4.662,0.183,0.219,0.0,0.0908,0.962,160.019,232720,3,60nZcImufyMA1MKQY3dcCH
554,0.612,0.877,-4.43,0.064,0.000992,0.00563,0.462,0.38,131.068,264520,0,02d1E4NRuh7OEQO4vCb9PD
555,0.73,0.703,-5.672,0.0369,0.109,0.0,0.0657,0.595,138.113,192120,3,2K87XMYnUMqLcX3zvtAF4G
556,0.792,0.634,-6.566,0.0348,0.245,7.11e-06,0.136,0.322,99.989,207612,3,6Sjl4KtCBxaJza3BTTXJE6
557,0.691,0.795,-4.021,0.0355,0.000812,1.02e-06,0.156,0.876,133.971,227333,3,2k3MdyqMHmfZubFg3pmtby
558,0.624,0.876,-3.374,0.1,0.0735,0.0,0.327,0.781,99.943,170827,0,0afhq8XCExXpqazXczTSve
559,0.651,0.663,-5.569,0.0281,0.228,0.0,0.0994,0.465,102.0,259453,3,4llK75pXNWZz6KAho2Gp16
560,0.62,0.805,-5.538,0.0417,0.00564,9.15e-05,0.285,0.586,122.062,204764,0,2hHLbkatPwOOmrNxTiD41L
561,0.636,0.831,-3.945,0.182,0.0294,3.85e-06,0.272,0.668,175.015,223053,1,2fTsFCKRFQ5M0igJgabnLA
562,0.579,0.736,-3.863,0.0527,0.31,0.0,0.198,0.613,127.999,230613,3,2Zr5zgU9qEoOPvJbU0GScq
563,0.715,0.97,-2.206,0.0648,0.0644,0.000156,0.205,0.963,79.504,239240,3,3AszgPDZd9q0DpDFt4HFBy
564,0.912,0.716,-4.141,0.0697,0.0904,0.0,0.0491,0.377,94.981,199938,3,3W3KtDwAIg3mAruSpnfG3Q
565,0.783,0.58,-6.548,0.0408,0.0114,2.28e-06,0.108,0.66,120.021,193400,3,20I6sIOMTCkB6w7ryavxtO
566,0.756,0.572,-7.019,0.0763,0.0478,0.0,0.0853,0.417,102.986,204400,3,10GJQkjRJcZhGTLagFOC62
567,0.719,0.671,-6.279,0.0336,0.0372,8.21e-06,0.12,0.786,130.027,237627,3,13P5rwmk2EsoFRIz9UCeh9
568,0.828,0.818,-5.331,0.0948,0.0017,0.371,0.203,0.431,125.072,169695,3,6yMhdnw1QFll8n3KuFmJ1s
569,0.705,0.872,-3.557,0.126,0.0618,0.0,0.227,0.75,93.628,207040,3,2QsoVMTKj5m5kgztTOep98
570,0.614,0.928,-4.806,0.0516,0.0408,0.00104,0.0845,0.879,172.656,200560,3,4r8lRYnoOGdEi6YyI5OC1o
571,0.532,0.869,-5.094,0.172,0.157,0.00508,0.136,0.422,159.803,208373,4,1i1fxkWeaMmKEB4T7zqbzK
572,0.874,0.692,-5.28,0.0431,0.0412,7.24e-05,0.324,0.937,116.017,178560,3,55h7vJchibLdUkxdlX3fK7
573,0.569,0.918,-2.509,0.0279,0.00241,2.98e-05,0.307,0.541,128.037,171328,0,08bg5QA5OQ31h73avz0pXP
574,0.76,0.703,-5.412,0.054,0.103,0.0,0.0913,0.57,95.997,231827,3,1u8c2t2Cy7UBoG4ArRcF5g
575,0.64,0.533,-6.596,0.0706,0.119,0.0,0.0864,0.515,99.968,220781,3,3eR23VReFzcdmS7TYCrhCe
576,0.65,0.967,-4.917,0.0836,0.0287,0.000147,0.386,0.264,128.012,157500,0,3Sm4xtt7il1cfs3X8vN88c
577,0.706,0.728,-3.602,0.0852,0.123,0.0,0.185,0.851,121.017,201600,3,3xSp2wM7K4wrjZivuCRwox
578,0.555,0.772,-5.007,0.0523,0.315,0.0,0.105,0.346,86.921,231213,3,5lF0pHbsJ0QqyIrLweHJPW
579,0.471,0.924,-3.906,0.0586,0.00301,0.0,0.313,0.725,154.961,177280,0,3528IXKpbb7OMjdjWYlbfD
580,0.707,0.752,-4.401,0.0885,0.269,0.0,0.377,0.724,150.061,199373,0,2VhPOtIQw2UpQmRVevdviU
581,0.545,0.686,-4.081,0.0665,0.00265,0.0,0.477,0.486,127.996,186493,0,5RhxBpoCwX2vLBcSJzYa5j
582,0.574,0.512,-6.664,0.0503,0.234,0.0,0.0946,0.512,76.899,484147,3,4rHZZAmHpZrA3iH5zx8frV
583,0.602,0.863,-5.423,0.0773,0.0178,0.0,0.389,0.732,150.183,206373,0,05PNBWOlexyIehkrSmvZSY
584,0.613,0.622,-5.794,0.0334,0.00882,0.0,0.37,0.484,80.003,231240,0,2y4lAQpi5VTNLu2ldeTdUH
585,0.705,0.769,-5.526,0.0425,0.113,0.0,0.105,0.583,107.949,213520,3,22VdIZQfgXJea34mQxlt81
586,0.645,0.585,-6.122,0.0513,0.00314,0.0,0.165,0.353,131.931,215672,3,5jrdCoLpJSvHHorevXBATy
587,0.733,0.65,-3.539,0.0315,0.0703,6.59e-05,0.0829,0.348,110.003,209160,3,18AJRdgUoO9EYn11N7xzaT
588,0.734,0.637,-5.677,0.141,0.0462,2.29e-05,0.0602,0.648,169.977,202333,3,3CRDbSIZ4r5MsZ0YwxuEkn
589,0.836,0.552,-5.66,0.0851,0.0433,0.0,0.0773,0.525,97.036,218173,3,5fHNot2sHBsTUMqaGQlksX
590,0.472,0.908,-3.089,0.0751,0.0218,3.15e-06,0.172,0.221,127.992,165938,4,4mdIgvRkq6F8Cfr0SsBlL0
591,0.766,0.658,-6.721,0.0449,0.136,0.0973,0.113,0.185,122.981,179792,3,3khtCyuzc6LaAaxKVbARlK
592,0.693,0.705,-5.747,0.0665,0.0228,0.0,0.202,0.45,131.951,237947,3,38iU2jg98IZZEIJPrP7aWD
593,0.754,0.811,-3.679,0.0561,0.0185,5.18e-06,0.654,0.639,109.902,267960,0,0PSZ9G584Ve27GK6ThlY6P
594,0.696,0.893,-2.963,0.076,0.0662,0.0,0.473,0.573,97.954,214013,0,5InWRmnfgjVwQWoXHNBATu
595,0.723,0.809,-3.081,0.0625,0.00346,0.00123,0.565,0.274,98.007,176561,0,2YWjW3wwQIBLNhxWKBQd16
596,0.639,0.868,-5.613,0.0833,0.0159,0.255,0.249,0.123,128.096,154687,4,2DbQpyXOWGsKW2R9zSvFq9
597,0.722,0.761,-4.459,0.0475,0.0117,0.0,0.315,0.624,128.044,201493,0,7pYfyrMNPn3wtoCyqcTVoI
598,0.664,0.705,-4.972,0.0382,0.0654,0.0,0.115,0.477,122.017,257840,3,6sy3LkhNFjJWlaeSMNwQ62
599,0.626,0.799,-6.612,0.046,0.000358,0.00155,0.36,0.369,98.992,274213,0,0iOu4s8w3pE9vbpb1SHXsL
600,0.713,0.718,-3.806,0.0278,0.00233,0.0,0.0838,0.656,126.999,197600,3,5G2c6FsfTzgYUzageCmfXY
601,0.919,0.528,-8.926,0.23,0.00979,5.59e-05,0.37,0.855,119.988,161496,1,113CqTH74b2jpFjPPU755D
602,0.609,0.668,-4.515,0.0308,0.287,0.0104,0.0974,0.212,82.975,228434,3,0TRmtiR9q6XnYDzXmoMpGC
603,0.426,0.224,-8.683,0.0391,0.948,0.0,0.112,0.399,85.728,230480,2,5nNTGNbxS30PX6sZpYh9hJ
604,0.575,0.33,-6.557,0.031,0.416,0.0,0.0872,0.277,95.801,217213,3,6QfS2wq5sSC1xAJCQsTSlj
605,0.694,0.602,-7.358,0.0276,0.472,0.0982,0.109,0.329,104.997,164008,3,7jUBj3nZfs0dRqr68b4yxy
606,0.501,0.405,-5.679,0.0319,0.751,0.0,0.105,0.446,109.891,182161,3,2TIlqbIneP0ZY1O0EzYLlc
607,0.653,0.821,-8.318,0.0431,0.0265,0.00589,0.236,0.14,128.109,159287,3,6kxXgUyPMsP43mbXAMVjWY
608,0.793,0.645,-9.815,0.0443,0.531,0.00021,0.1,0.365,115.98,184138,3,5maiCdBRKITzSbx4mdyy8r
609,0.689,0.481,-7.503,0.0815,0.369,1.03e-06,0.0649,0.283,80.025,229526,3,2JzZzZUQj3Qff7wapcbKjc
610,0.614,0.379,-10.48,0.0476,0.607,0.000464,0.0986,0.201,107.989,258987,3,1HNkqx9Ahdgi1Ixy2xkKkL
611,0.63,0.53,-7.259,0.0434,0.4,0.0,0.177,0.417,108.038,225053,3,2YlZnw2ikdb837oKMKjBkW
612,0.655,0.899,-2.314,0.0372,0.00273,3.76e-05,0.34,0.707,126.021,175238,0,5IR4eSVnuXPu8pJtQuzC5I
613,0.601,0.724,-4.856,0.0486,0.0945,1.68e-06,0.12,0.508,102.061,207905,3,4hQ6UGyWQIGJmHSo0J88JW
614,0.481,0.267,-9.249,0.0339,0.8,0.0,0.249,0.137,117.64,227693,2,4WzhjxvLP95y7AMDy0Atwb
615,0.661,0.943,-2.52,0.0392,0.0188,0.000231,0.272,0.71,128.16,198281,0,3T7ZHIgO30bKeASQppPtM6
616,0.572,0.802,-5.286,0.0412,0.0125,0.000101,0.135,0.555,174.03,193103,3,3oeBaOmuWeNPjCVpWPjUvg
617,0.726,0.698,-4.165,0.0431,0.049,0.0,0.309,0.867,143.994,233478,0,5PsMbxhgWpJMsouEfDTX6r
618,0.672,0.628,-7.203,0.0856,0.192,0.587,0.333,0.159,60.045,185005,0,6NWq3JOKCQ21Av7y2q5RFb
619,0.589,0.966,-4.106,0.0972,0.03,0.0,0.147,0.802,129.983,204200,3,3tgZ9vmhuAY9wEoNUJskzV
620,0.767,0.682,-5.02,0.042,0.0113,0.00016,0.104,0.833,127.975,243533,3,0C4ejWmOTMv8vuYj85mf8m
621,0.708,0.641,-4.271,0.0336,0.205,0.0,0.0925,0.253,113.082,268120,3,0lupJBVy4UQrvI4Oy3PvI7
622,0.754,0.652,-4.924,0.0308,0.174,0.0,0.113,0.474,95.006,192013,3,1FvOiE8MGWB8MUCAPvro3h
623,0.591,0.764,-5.484,0.0483,0.0383,0.0,0.103,0.478,169.928,141806,3,5HCyWlXZPP0y6Gqq8TgA20
624,0.851,0.806,-4.62,0.0787,0.118,1.64e-06,0.121,0.787,118.999,237200,3,1QV6tiMFM6fSOKOGLMHYYg
625,0.814,0.728,-5.44,0.0583,0.0242,0.0875,0.612,0.962,109.983,202364,0,3DGxVxqfbHJArDbI3i5bXb
626,0.604,0.787,-3.674,0.103,0.0679,0.15,0.127,0.301,126.062,245040,4,2dOTkLZFbpNXrhc24CnTFd
627,0.674,0.428,-9.504,0.122,0.121,0.0,0.132,0.337,84.878,190185,3,2dLLR6qlu5UJ5gk0dKz0h3
628,0.707,0.861,-4.225,0.316,0.1,0.0,0.191,0.795,130.021,199480,1,2EZ2KXLqs9zdRVVMMz1IsH
629,0.825,0.832,-5.853,0.0403,0.00587,0.000789,0.114,0.713,122.021,220627,3,6nCDnzErqalOaIY3EJM8NK
630,0.758,0.557,-4.568,0.034,0.0117,0.0,0.0418,0.781,126.986,231840,3,2fQxE0jVrjNMT9oJAXtSJR
631,0.689,0.836,-6.058,0.0559,0.187,0.0,0.162,0.749,127.411,223067,3,1zneM1cLjM6w8BFmukl2Lr
632,0.679,0.715,-6.383,0.0407,0.0755,0.0,0.271,0.571,127.435,214148,3,4Ub8UsjWuewQrPhuepfVpd
633,0.778,0.695,-6.865,0.0913,0.175,0.0,0.15,0.472,149.996,132780,3,3Ofmpyhv5UAQ70mENzB277
634,0.345,0.612,-6.543,0.0608,0.232,0.0,0.194,0.232,179.773,153000,4,59CfNbkERJ3NoTXDvoURjj
635,0.741,0.874,-2.226,0.0429,0.0797,0.0,0.119,0.42,125.995,161862,3,7wjxQhMf3D5gN3F8bZDof7
636,0.56,0.473,-7.23,0.0533,0.618,0.0,0.31,0.441,109.414,175345,3,3yMC1KsTwh0ceXdIe4QQAQ
637,0.881,0.592,-4.898,0.0324,0.619,1.32e-05,0.0901,0.719,101.058,154487,3,0mBP9X2gPCuapvpZ7TGDk3
638,0.808,0.41,-7.791,0.0357,0.696,0.0,0.116,0.78,114.06,184189,3,0xbjgV88co01Kw4PmuBdQU
639,0.775,0.327,-7.241,0.0557,0.841,0.0,0.0821,0.595,91.05,189486,3,4cktbXiXOapiLBMprHFErI
640,0.798,0.62,-7.079,0.232,0.414,0.0192,0.112,0.235,120.031,164000,1,6f3Slt0GbA2bPZlz0aIFXN
641,0.696,0.664,-9.27,0.0358,0.535,0.0755,0.116,0.0961,122.001,132514,3,6ElXZdR3QF87nPBfuIGRPP
642,0.734,0.874,-3.158,0.0662,0.168,1.14e-05,0.0489,0.905,122.953,166028,3,6cx06DFPPHchuUAcTxznu9
643,0.514,0.73,-5.934,0.0598,0.00146,9.54e-05,0.0897,0.334,171.005,200040,4,0VjIjW4GlUZAMYd2vXMi3b
644,0.736,0.711,-6.272,0.0625,0.0082,6.66e-05,0.168,0.317,123.993,159783,3,4M9kHcpZQZNzRnAhIQ1YLM
645,0.689,0.627,-5.692,0.308,0.105,0.000321,0.0905,0.905,184.008,187704,1,1jEBSDN5vYViJQr78W7jr2
646,0.791,0.862,-3.24,0.11,0.037,2.19e-05,0.0814,0.592,123.994,214847,3,7ef4DlsgrMEH11cDZd32M6
647,0.705,0.852,-6.211,0.0347,0.0523,1.99e-06,0.162,0.36,125.983,145055,3,6wOZmH1xQr5qmzuLsammRc
648,0.793,0.793,-4.521,0.083,0.0123,0.0,0.0951,0.679,123.95,183290,3,3PfIrDoz19wz7qK7tYeu62
649,0.586,0.616,-7.964,0.0324,0.182,0.0,0.0927,0.719,148.088,242096,3,02VBYrHfVwfEWXk5DXyf0T
650,0.623,0.763,-7.866,0.213,0.559,0.00192,0.155,0.338,110.057,172517,1,5DoCNgkEKAlMVsn2FSpJKT
651,0.77,0.724,-5.484,0.0495,0.0167,0.0107,0.353,0.898,121.975,176840,0,24Yi9hE78yPEbZ4kxyoXAI
652,0.807,0.893,-3.745,0.0347,0.0451,2.79e-05,0.366,0.537,126.011,230747,0,3rmo8F54jFF8OgYsqTxm5d
653,0.826,0.641,-5.151,0.0761,0.621,0.00013,0.121,0.774,111.959,171546,3,6fcwTf51NfFQ4C8eq7a04K
654,0.88,0.751,-4.258,0.0874,0.177,6.43e-05,0.106,0.884,117.948,157606,3,2tnVG71enUj33Ic2nFN6kZ
655,0.695,0.762,-3.497,0.0395,0.192,0.00244,0.0863,0.553,120.042,215280,3,21jGcNKet2qwijlDFuPiPb
656,0.657,0.579,-5.303,0.0313,0.135,0.0,0.108,0.608,130.062,116813,3,3UNtns07nCHYCBAVJKO8Hj
657,0.7,0.49,-5.187,0.076,0.186,0.0,0.117,0.569,79.982,161803,3,0eu4C55hL6x29mmeAjytzC
658,0.72,0.706,-4.719,0.0473,0.0684,0.0,0.166,0.62,133.002,187436,3,7DnAm9FOTWE3cUvso43HhI
659,0.604,0.843,-3.932,0.1,0.036,6.22e-06,0.183,0.688,173.982,144992,3,1I23ZdNcezc4N7QUc30rXx
660,0.749,0.729,-5.01,0.0254,0.0646,0.00806,0.102,0.701,120.982,162543,3,6APUqJb53AuWGcSapZGSDB
661,0.738,0.899,-5.109,0.0457,0.0022,0.0019,0.12,0.696,124.045,183871,3,1GjFKG08MMOMx4UtdV8s7l
662,0.706,0.866,-3.502,0.0275,0.0756,0.0,0.447,0.964,123.947,150226,0,7p2awTPzdeeg3ln3WPXyXe
663,0.912,0.412,-8.074,0.123,0.0165,0.0126,0.104,0.423,154.983,238614,3,0TlLq3lA83rQOYtrqBqSct
664,0.878,0.619,-5.56,0.102,0.0533,0.0,0.113,0.639,136.041,157067,3,2YpeDb67231RjR0MgVLzsG
665,0.78,0.575,-5.628,0.139,0.106,0.0,0.129,0.273,81.502,222360,3,0SGkqnVQo9KPytSri1H6cF
666,0.804,0.66,-4.86,0.0726,0.0319,0.0,0.103,0.257,94.053,169345,3,1WIZiOuNO3woKfdlSK2gNn
667,0.768,0.471,-8.406,0.259,0.0201,0.0,0.268,0.405,131.023,267427,1,4LmAnpjlhWTahvRkYR8xJa
668,0.88,0.443,-6.359,0.0653,0.462,7.13e-06,0.122,0.803,138.018,221240,3,60PAzFNW3vAiAiVK6DRJfB
669,0.684,0.834,-4.524,0.0675,0.0646,0.0,0.271,0.538,164.02,217667,0,5A6OHHy73AR5tLxgTc98zz
670,0.743,0.72,-3.753,0.124,0.192,0.000386,0.109,0.519,163.99,209423,3,71vsEyBd4X1D5BUmLdFSVH
671,0.891,0.628,-7.863,0.0551,0.00258,0.00019,0.0504,0.552,134.966,267067,3,0wwPcA6wtMf6HUMpIRdeP7
672,0.671,0.672,-3.094,0.0688,0.0329,0.0,0.118,0.632,97.979,204173,3,1OAh8uOEOvTDqkKFsKksCi
673,0.692,0.774,-2.48,0.0876,0.0623,0.0,0.873,0.349,134.952,334253,0,2nBI3iWLhupR7LyAJ5GGkE
674,0.821,0.759,-8.541,0.121,0.247,0.0,0.321,0.962,140.01,185143,3,5RIVoVdkDLEygELLCniZFr
675,0.781,0.728,-4.981,0.0621,0.0509,1.94e-06,0.257,0.395,102.99,219306,3,0NTMtAO2BV4tnGvw9EgBVq
676,0.675,0.562,-7.678,0.0352,0.233,0.0,0.0816,0.309,130.098,256533,3,6eT7xZZlB2mwyzJ2sUKG6w
677,0.798,0.568,-9.072,0.135,0.0213,0.0,0.0586,0.45,148.88,193911,3,6JjEVlMkfHWMeYavkEYzNO
678,0.414,0.807,-4.12,0.348,0.0428,0.0,0.822,0.409,175.158,191901,0,7Ezwtgfw7khBrpvaNPtMoT
679,0.895,0.681,-5.267,0.358,0.157,0.0,0.189,0.554,121.918,240000,1,0wdKiSBUT7aZkXUIdJWcwC
680,0.886,0.628,-5.949,0.131,0.00215,1.15e-05,0.31,0.178,119.906,239574,0,2JI71GHwq2LN8mtq3iCLYo
681,0.75,0.56,-8.094,0.105,0.546,0.0,0.111,0.459,140.06,221440,3,3swc6WTsr7rl9DqQKQA55C
682,0.843,0.538,-8.028,0.0833,0.0273,0.0,0.124,0.428,97.49,208160,3,1UMKquW1olreYO1LlLmTqi
683,0.678,0.479,-6.959,0.206,0.0812,0.0,0.207,0.762,171.12,235632,1,19OHDib8Jrqi3o2nm5lzdA
684,0.959,0.598,-5.534,0.0713,0.0358,0.0,0.358,0.408,127.029,213000,0,33JcUj9qQDayKswunZP9ar
685,0.89,0.633,-5.475,0.168,0.0232,0.000343,0.0993,0.425,139.948,233087,3,1XRgIKC5TPwo7nWGyKqgG0
686,0.768,0.652,-2.708,0.307,0.113,0.0,0.107,0.777,154.187,144935,1,0fySG6A6qLE8IvDpayb5bM
687,0.874,0.568,-5.896,0.224,0.0698,1.38e-05,0.149,0.46,139.995,237400,1,49zD0wr2S3d0lZPib0K4e1
688,0.859,0.627,-7.91,0.13,0.0388,0.000202,0.101,0.594,142.062,260453,3,5uqphUYsR45kPYplrYSAQh
689,0.852,0.553,-7.286,0.187,0.0559,0.0,0.332,0.656,142.079,205879,1,27GmP9AWRs744SzKcpJsTZ
690,0.671,0.529,-7.226,0.307,0.0769,0.000335,0.0856,0.203,161.989,165820,1,4VXIryQMWpIdGgYR4TrjT1
691,0.854,0.463,-6.159,0.137,0.117,0.0,0.354,0.549,120.024,225773,0,0b9oOr2ZgvyQu88wzixux9
692,0.703,0.594,-6.146,0.0752,0.342,0.0,0.123,0.475,153.848,114893,3,1000nHvUdawXuUHgBod4Wv
693,0.899,0.586,-7.866,0.343,0.279,0.0,0.0836,0.492,150.002,214467,1,3qN5qMTKyEEmiTZD38BNTT
694,0.789,0.536,-6.862,0.242,0.41,0.0,0.129,0.437,81.039,165926,1,18vXApRmJSgQ6wG2ll9AOg
695,0.689,0.564,-6.226,0.136,0.187,0.0,0.0721,0.123,185.023,212947,4,1Ser4X0TKttOvo8bgdytTP
696,0.769,0.787,-3.909,0.367,0.189,0.0,0.129,0.836,126.77,159715,1,6Ozh9Ok6h4Oi1wUSLtBseN
697,0.761,0.518,-8.871,0.134,0.244,3.47e-05,0.107,0.522,133.976,261493,3,2SAqBLGA283SUiwJ3xOUVI
698,0.785,0.62,-6.667,0.254,0.0138,0.0,0.15,0.478,78.477,235535,1,59J5nzL1KniFHnU120dQzt
699,0.773,0.75,-4.009,0.117,0.109,0.0,0.174,0.783,123.426,220587,3,0uxSUdBrJy9Un0EYoBowng
700,0.802,0.591,-4.895,0.225,0.0104,0.0,0.196,0.309,139.864,157712,1,6gi6y1xwmVszDWkUqab1qw
701,0.567,0.515,-10.265,0.247,0.354,0.0,0.078,0.321,120.1,224000,1,0RLLvYBopDwooCyvnTwgYu
702,0.791,0.587,-5.075,0.0413,0.407,0.0,0.148,0.536,96.057,179449,3,3Ol2xnObFdKV9pmRD2t9x8
703,0.748,0.741,-3.103,0.0531,0.00419,0.0,0.147,0.537,128.077,213053,3,7KFEIFuxnRRIRqN065WKTu
704,0.803,0.565,-4.711,0.235,0.0558,0.0,0.141,0.474,163.085,200221,1,1sbEeUY8KsdvgiQi26JBFz
705,0.65,0.613,-6.13,0.128,0.00336,0.0,0.267,0.0804,149.972,194621,4,2U5WueTLIK5WJLD7mvDODv
706,0.652,0.631,-5.718,0.0893,0.524,0.000579,0.165,0.35,127.998,154424,3,7AzlLxHn24DxjgQX73F9fU
707,0.886,0.525,-7.39,0.131,0.236,0.0,0.057,0.708,145.99,225205,3,7yyRTcZmCiyzzJlNzGC9Ol
708,0.865,0.687,-3.744,0.217,0.242,0.0,0.158,0.486,139.023,242407,1,1rkfJLgTlB6XYNjgZ0sVaK
709,0.746,0.717,-4.841,0.179,0.199,0.0,0.132,0.523,150.964,179133,1,6piAUJJQFD8oHDUr0b7l7q
710,0.48,0.602,-6.335,0.368,0.487,0.0,0.0848,0.269,179.798,213333,1,5rZlwNFl01HqLWBQGryKSm
711,0.736,0.67,-6.702,0.311,0.186,0.0,0.114,0.845,130.032,169999,1,5wujBwqG7INdStqGd4tRMX
712,0.745,0.646,-6.987,0.17,0.157,0.0,0.338,0.46,79.993,203908,0,2u7mxWSeoqTXndK5e08jMp
713,0.935,0.552,-9.373,0.335,0.111,0.0,0.0952,0.615,99.993,145627,1,1ThmUihH9dF8EV08ku5AXN
714,0.831,0.499,-8.442,0.114,0.269,0.0,0.3,0.511,97.956,220487,3,07KXEDMj78x68D884wgVEm
715,0.717,0.862,-4.736,0.054,0.00689,0.0,0.321,0.52,130.021,224933,0,2nrSQK3ooS0sOSecOvh5Aq
716,0.755,0.578,-8.932,0.145,0.316,0.0,0.25,0.581,94.148,176960,3,1IIKrJVP1C9N7iPtG6eOsK
717,0.923,0.604,-6.671,0.245,0.017,0.0,0.272,0.826,145.062,139741,1,1jaTQ3nqY3oAAYyCTbIvnM
718,0.851,0.666,-5.334,0.0694,0.139,0.0,0.105,0.0585,134.068,129105,3,5PIfH6BzcmH04RDmtzF0BN
719,0.538,0.471,-9.84,0.0955,0.0946,0.0185,0.116,0.307,93.07,142000,3,6Ox1rvlwEpB49drasQm6RF
720,0.28,0.821,-2.864,0.111,0.167,0.0,0.139,0.254,181.444,256163,4,4apiNNK0jp9uqn3JDG9My1
721,0.554,0.498,-8.866,0.0685,0.23,5.98e-06,0.795,0.413,79.635,190067,0,5hVghJ4KaYES3BFUATCYn0
722,0.656,0.542,-7.358,0.323,0.0484,0.0,0.126,0.551,166.111,141587,1,5274I4mUMnYczyeXkGDWZN
723,0.705,0.609,-5.728,0.0729,0.694,0.0,0.234,0.718,140.058,199993,3,4uhvMW7ly7tJil31YYscAN
724,0.735,0.369,-9.682,0.0688,0.334,0.0,0.126,0.235,140.004,222997,3,1iSqfoUFnQwV0QW1EfUit8
725,0.866,0.613,-6.385,0.151,0.0293,0.0,0.104,0.359,98.001,229210,3,2toVe5hfuIi97ytDPDbQFt
726,0.928,0.481,-9.35,0.287,0.105,0.0,0.176,0.613,134.007,210937,1,343YBumqHu19cGoGARUTsd
727,0.661,0.44,-9.104,0.0803,0.457,0.0,0.128,0.352,149.937,230400,3,6vWEAOUSxohKxhp0K1BsxL
728,0.669,0.634,-6.476,0.0327,0.0125,0.0,0.0946,0.496,124.906,255053,3,2XHzzp1j4IfTNp1FTn7YFg
729,0.907,0.393,-7.636,0.0539,0.451,1.35e-06,0.135,0.202,104.949,205458,3,3J8EOeKLTLXORtWPpOU5bE
730,0.687,0.336,-10.748,0.0456,0.0755,0.0,0.126,0.215,85.828,219270,3,3gruCKVuhCsRjs3a3dG8CA
731,0.76,0.595,-6.366,0.0391,0.00544,0.0,0.241,0.361,131.497,263773,3,03tqyYWC9Um2ZqU0ZN849H
732,0.629,0.692,-8.045,0.0376,0.00981,0.331,0.603,0.453,162.948,167916,0,527k23H0A4Q0UJN3vGs0Da
733,0.694,0.759,-5.667,0.398,0.137,0.0,0.167,0.77,140.055,245387,1,7M2tXmeS15NAzEn7ABFeBg
734,0.97,0.463,-7.259,0.366,0.0957,0.0,0.151,0.46,108.003,142417,1,5MPPttjfGap2C6j6eKcO6J
735,0.747,0.571,-7.916,0.478,0.38,0.0,0.534,0.553,172.104,181933,1,79XrkTOfV1AqySNjVlygpW
736,0.774,0.554,-7.909,0.0383,0.207,0.0,0.132,0.349,99.034,162547,3,22LAwLoDA5b4AaGSkg6bKW
737,0.802,0.582,-7.296,0.235,0.126,0.0,0.161,0.338,150.002,186613,1,0dbZ2iUuKvsm3FupBw6M9N
738,0.901,0.697,-3.439,0.28,0.145,0.0,0.287,0.67,93.941,229827,1,7KwZNVEaqikRSBSpyhXK2j
739,0.763,0.85,-3.052,0.0417,0.0304,1.21e-06,0.371,0.761,91.519,284907,0,3ia3dJETSOllPsv3LJkE35
740,0.814,0.746,-4.426,0.239,0.167,0.00115,0.0631,0.526,93.405,267933,1,00twZviPonMhKWN60B3l0F
741,0.899,0.713,-2.752,0.366,0.255,0.0,0.0708,0.777,90.051,193467,1,7iL6o9tox1zgHpKUfh9vuC
742,0.763,0.786,-6.472,0.229,0.0146,0.0114,0.0817,0.504,93.857,325507,1,33ZXjLCpiINn8eQIDYEPTD
743,0.832,0.588,-10.88,0.248,0.4,0.0,0.104,0.716,95.309,250868,1,5EEOjaJyWvfMglmEwf9bG3
744,0.849,0.904,-4.78,0.138,0.0248,5.11e-05,0.0545,0.854,99.258,246533,3,6LwrEZNkvFTOypNwSLjuaJ
745,0.665,0.91,-4.682,0.223,0.0394,0.0,0.227,0.887,84.099,293973,1,0trHOzAhNpGCsGBEu7dOJo
746,0.55,0.806,-5.421,0.324,0.00859,0.0,0.263,0.282,124.4,232600,1,3c1fI9dVeR0nKFkOYh3Sj0
747,0.607,0.422,-13.364,0.499,0.209,0.0,0.0839,0.563,130.47,226987,1,3vZO25GdYuqFrR1kzZADnp
748,0.78,0.754,-5.377,0.0952,0.135,0.034,0.0467,0.81,82.394,260307,3,2MuJbBWAVewREJmB8WdGJ3
749,0.548,0.847,-3.237,0.186,0.0622,0.0,0.0816,0.1,171.447,297787,4,4xkOaSrkexMciUUogZKVTS
750,0.614,0.574,-7.961,0.466,0.0253,3.2e-05,0.38,0.755,125.173,209107,1,5D2mYZuzcgjpchVY1pmTPh
751,0.78,0.575,-7.247,0.273,0.43,0.0,0.143,0.773,84.492,252747,1,2g8HN35AnVGIk7B8yMucww
752,0.765,0.88,-4.361,0.116,0.176,1e-05,0.139,0.929,168.96,215200,3,0Ed7MeXx64f6OcIuoTRCg1
753,0.652,0.671,-5.376,0.315,0.00402,2.89e-05,0.598,0.518,159.963,208387,0,4TY4VeLpmiNY9otITGA8sn
754,0.6,0.706,-7.899,0.361,0.209,0.0,0.125,0.58,173.926,253533,1,4IYKjN1DrYzxKXt0umJqsG
755,0.843,0.806,-5.946,0.269,0.143,0.0,0.0771,0.613,94.948,270507,1,0I3q5fE6wg7LIfHGngUTnV
756,0.39,0.6,-11.0,0.315,0.222,0.0,0.331,0.668,81.762,233378,1,6ah3sZ7zNIX17bqPJJGd3N
757,0.494,0.887,-4.297,0.398,0.00661,0.0,0.103,0.548,89.554,234627,1,7sLpSWxQazJzDVG6YGzlVs
758,0.769,0.818,-1.385,0.192,0.263,0.0,0.0787,0.918,88.017,240800,3,4E5IFAXCob6QqZaJMTw5YN
759,0.802,0.785,-4.781,0.207,0.14,0.0,0.123,0.435,99.998,206400,1,2wGSgTmgSF3xjRrHkTc25R
760,0.646,0.813,-3.846,0.299,0.349,9.37e-05,0.0427,0.895,92.729,224440,1,70FCugJxa7XW04Np6iYJdI
761,0.872,0.723,-5.968,0.247,0.0293,0.0,0.327,0.843,93.279,307773,1,4VQNCzfZ3MdHEwwErNXpBo
762,0.684,0.834,-4.524,0.0675,0.0646,0.0,0.271,0.538,164.02,217667,0,5A6OHHy73AR5tLxgTc98zz
763,0.575,0.905,-2.372,0.338,0.253,0.0,0.269,0.753,110.165,270973,1,0RMr1YqH6Mv6HeklKsl76e
764,0.748,0.767,-7.806,0.172,0.0267,0.0,0.334,0.519,133.929,222200,0,1fLibtVj3MrNTwRZq5yUOs
765,0.939,0.742,-5.171,0.0467,0.321,0.0,0.107,0.924,118.978,212360,3,2kQuhkFX7uSVepCD3h29g5
766,0.538,0.73,-3.426,0.276,0.0171,0.0,0.103,0.083,87.022,258667,1,5Bdoo7LrNuTlOPYx6w7ORW
767,0.675,0.632,-11.162,0.559,0.359,0.0,0.13,0.567,85.528,208552,1,2wkFfsDfHDU7ZUcAXgmRxe
768,0.86,0.637,-8.434,0.207,0.0987,0.0,0.107,0.798,92.025,211200,3,766GMqVgwb8gP7Zc5x1f48
769,0.908,0.669,-2.827,0.0738,0.00286,0.0,0.237,0.662,112.238,290320,3,7lQ8MOhq6IN2w8EYcFNSUk
770,0.82,0.809,-6.759,0.251,0.443,0.00175,0.0613,0.737,83.011,231240,1,7gKgd0P3dAAePiSQQBqrlf
771,0.735,0.604,-6.728,0.112,0.459,0.0,0.113,0.362,113.174,180706,3,2hg8OUWLfGU8YJgvop3TnV
772,0.502,0.684,-7.397,0.289,0.155,0.0,0.0886,0.184,86.815,181333,1,6bWDhoIcU37wyCKPRs3yQ9
773,0.682,0.789,-5.01,0.488,0.0231,0.0,0.323,0.575,173.015,177907,1,4GJb5L1nvOZmuIJAmye9GT
774,0.643,0.622,-6.141,0.159,0.0226,0.0,0.136,0.442,80.814,167636,3,3dHOZyhQtXMET9rzgrwIPr
775,0.926,0.534,-10.662,0.221,0.0484,4.78e-05,0.103,0.351,129.017,157385,1,1GOvuVTXQByalA1FAcivn7
776,0.715,0.779,-4.766,0.0323,0.000705,8.1e-06,0.3,0.44,135.024,193000,0,0j57r3jL4hK8Fwbutu9t7S
777,0.608,0.462,-11.969,0.32,0.275,0.0,0.134,0.303,170.197,150408,1,0TJDfhglaxNKKAQeo7kiXQ
778,0.834,0.672,-8.028,0.0918,0.42,0.0,0.11,0.288,129.991,181091,3,7cj3zkPMaoyATZTzMtYF3j
779,0.851,0.695,-5.898,0.307,7.01e-05,0.0,0.135,0.35,157.994,176203,1,0gfkqLY60NdOch8ymImuzO
780,0.684,0.693,-5.895,0.394,0.00361,0.0,0.0651,0.851,176.133,109938,1,2aDW5H7kOXHtNi5Ifj2yTo
781,0.912,0.468,-10.554,0.385,0.024,0.0,0.108,0.318,141.979,160170,1,6tsv8e8KAj9g4bIUiqfKg1
782,0.615,0.264,-20.024,0.206,0.512,5.73e-06,0.0888,0.43,95.101,192447,3,0m2LKAm8TQj3ocoFYvuj4K
783,0.533,0.833,-3.491,0.0634,0.0899,0.0,0.12,0.711,147.736,116843,3,6EfQXK5sIfGJG8WmsTG69e
784,0.761,0.899,-3.09,0.183,0.0135,0.0,0.0719,0.673,95.027,217587,3,1zzxoZVylsna2BQB65Ppcb
785,0.87,0.836,-3.448,0.183,0.153,0.0,0.054,0.815,93.958,157024,3,5TGKUb3TU8Q15Y4mbMkSbS
786,0.688,0.835,-4.162,0.0911,0.0583,2.87e-06,0.0795,0.88,84.858,230493,3,6ndmKwWqMozN2tcZqzCX4K
787,0.78,0.657,-7.149,0.317,0.0321,2.56e-06,0.339,0.648,163.969,245173,1,3IrkbGQCoEPAkzJ0Tkv8nm
788,0.949,0.661,-4.244,0.0572,0.0302,0.0,0.0454,0.76,104.504,284200,3,3yfqSUWxFvZELEM4PmlwIR
789,0.886,0.626,-2.528,0.277,0.265,0.0,0.024,0.856,93.989,196627,1,6mcu7D7QuABVwUGDwovOEh
790,0.785,0.871,-2.692,0.265,0.144,0.0,0.309,0.315,87.248,290427,1,23wfXwnsPZYe5A1xXRHb3J
791,0.888,0.632,-3.872,0.219,0.19,0.0,0.101,0.662,91.979,266067,1,2NBQmPrOEEjA8VbeWOQGxO
792,0.67,0.788,-2.43,0.0445,0.00225,0.0,0.11,0.292,82.498,179467,3,59q0gDvWPoL2DQ1SAt5ZLY
793,0.677,0.698,-5.793,0.352,0.0935,0.0,0.0511,0.83,78.443,288573,1,0fLILzjVXRCLC0lsNKcQ8I
794,0.922,0.909,-2.429,0.27,0.0281,0.0,0.0856,0.309,95.295,161507,1,4LwU4Vp6od3Sb08CsP99GC
795,0.783,0.659,-7.743,0.233,0.0309,0.000705,0.331,0.318,94.965,212213,1,1sJmz7l5LNoCC82lIRpzGW
796,0.686,0.735,-4.616,0.264,0.00921,0.00066,0.342,0.0596,171.355,322227,1,1v7L65Lzy0j0vdpRjJewt1
797,0.853,0.693,-6.87,0.275,0.0239,0.0,0.11,0.662,95.967,233787,1,4X5f3vT8MRuXF68pfjNte5
798,0.615,0.871,-3.804,0.281,0.0388,0.0,0.246,0.338,119.149,249560,1,2c5Isyd07hWsl7AQia2Dig
799,0.924,0.74,-1.299,0.0774,0.0827,0.0,0.163,0.621,133.974,222293,3,7iXF2W9vKmDoGAhlHdpyIa
800,0.834,0.878,-9.484,0.15,0.0461,0.0,0.334,0.418,102.848,258688,0,6KIKRz9eSTXdNsGUnomdtW
801,0.889,0.818,-4.639,0.253,0.47,0.0,0.179,0.782,96.063,302760,1,5ByAIlEEnxYdvpnezg7HTX
802,0.487,0.729,-6.815,0.271,0.0538,4.07e-06,0.44,0.217,91.048,350120,0,3qX1dqmDdmMvvfMVfsx4Bh
803,0.859,0.75,-8.325,0.303,0.0193,0.0,0.0538,0.857,98.691,345717,1,5n8Aro6j1bEGIy7Tpo7FV7
804,0.502,0.652,-7.224,0.3,0.0848,0.0,0.0675,0.648,136.08,254093,1,3hQCHzkE5oSA3F1xM8bpcM
805,0.637,0.678,-3.798,0.266,0.209,0.0,0.156,0.254,84.039,250760,1,561jH07mF1jHuk7KlaeF0s
806,0.674,0.695,-8.636,0.278,0.0387,0.00202,0.194,0.773,151.486,221840,1,3uqinR4FCjLv28bkrTdNX5
807,0.629,0.696,-5.572,0.348,0.0195,0.0,0.0554,0.623,93.034,207627,1,3QHPHLAkYV5cQBUYs6rowx
808,0.647,0.514,-10.05,0.0593,0.0655,0.0,0.398,0.386,79.975,240693,0,1DIXPcTDzTj8ZMHt3PDt8p
809,0.894,0.698,-8.264,0.275,0.0279,3.56e-06,0.329,0.695,98.104,336917,1,1pOIpxfrQ8AszXZdKR3aH3
810,0.749,0.745,-10.625,0.164,0.000501,0.00403,0.333,0.481,101.972,195107,0,27AHAtAirQapVldIm4c9ZX
811,0.845,0.884,-4.506,0.0759,0.0128,2.1e-06,0.203,0.904,104.536,257400,3,4INDiWSKvqSKDEu7mh8HFz
812,0.862,0.648,-7.401,0.251,0.0455,0.0,0.0332,0.637,98.012,235533,1,4PmMVdIFpJTB9WQbmILf4p
813,0.925,0.659,-4.763,0.231,0.206,7.88e-05,0.279,0.71,97.018,214227,1,69bHJ9qs5FrUJbKP8xU8uZ
814,0.88,0.814,-6.307,0.14,0.168,0.00672,0.0584,0.942,138.083,283067,3,7m97yKVzPpXV9Z4ezEziOD
815,0.776,0.943,-2.559,0.257,0.105,0.0,0.212,0.695,119.858,237347,1,2cgZkUVmNJeJZFLEAyh5Qj
816,0.794,0.614,-5.352,0.0467,0.0964,0.0,0.0788,0.663,80.569,238053,3,7jLbTp3qZzah9kMIdW8e5M
817,0.529,0.9,-3.503,0.418,0.000248,1.21e-05,0.0426,0.434,180.291,104591,1,2QpGZOhTCHHiKmpSO9FW4h
818,0.381,0.69,-5.312,0.455,0.0209,0.0,0.438,0.223,78.239,372707,1,0LFcFGLYTX6UmeIdO7NVd7
819,0.537,0.948,-3.08,0.38,0.158,0.0,0.356,0.761,186.057,286267,1,7fXb8yG4gCsioqzJNZOv69
820,0.683,0.59,-5.423,0.458,0.326,0.0,0.148,0.653,100.892,224107,1,5880eYQmXx3c3oD22IljIt
821,0.716,0.531,-7.355,0.122,0.0703,0.0,0.224,0.344,71.994,386907,3,74tLlkN3rgVzRqQJgPfink
822,0.366,0.667,-5.683,0.246,0.00212,0.0,0.398,0.51,76.627,217520,0,2gPl93XdGnfKUykwxVHUYt
823,0.884,0.679,-5.857,0.282,0.0957,0.00209,0.0289,0.591,76.993,238467,1,5Tl0HJvynZtKdSUMKbFVVX
824,0.869,0.697,-4.639,0.187,0.00838,0.0,0.297,0.804,95.03,234533,1,5Sm1X46tna50RstHZvw072
825,0.525,0.933,-4.673,0.356,0.159,0.000241,0.311,0.457,122.631,223720,1,2OXo0vKbu3ilgz4S5EOn60
826,0.801,0.91,-6.566,0.225,0.00239,0.000891,0.0737,0.805,87.277,278387,1,5g9lS8deSIxItFBmZRC4vN
827,0.772,0.821,-0.14,0.25,0.223,0.0,0.148,0.77,91.921,244200,1,1SWVDBtw6h3tm9OehOkDhv
828,0.516,0.874,-2.571,0.186,0.0864,0.0,0.173,0.391,169.561,297520,4,4dK00wCxlqWEeN8BoM1BHT
829,0.789,0.858,-5.542,0.311,0.127,0.0,0.349,0.775,140.022,219333,1,4Li2WHPkuyCdtmokzW2007
830,0.843,0.7,-3.249,0.26,0.127,0.0,0.876,0.675,95.05,293053,0,65iyI1iybyv5ecsfBHSdUf
831,0.437,0.965,-4.448,0.136,0.326,0.00028,0.144,0.766,172.428,248893,3,6HMFtoMvv6n6Q2eOyPFyne
832,0.392,0.476,-7.583,0.0249,0.397,0.000163,0.309,0.234,78.031,267597,0,1xsYj84j7hUDDnTTerGWlH
833,0.741,0.697,-7.028,0.0277,0.0664,2.28e-05,0.133,0.774,116.109,160133,3,2LawezPeJhN4AWuSB0GtAU
834,0.574,0.913,-4.793,0.133,0.061,0.00158,0.156,0.423,115.728,208400,3,2zYzyRzz6pRmhPzyfMEC8s
835,0.464,0.795,-9.267,0.0926,0.0493,0.00244,0.399,0.612,158.691,202267,0,63T7DJ1AFDD6Bn8VzG6JE8
836,0.453,0.987,-4.485,0.0889,0.0195,0.283,0.268,0.316,123.544,273480,4,0G21yYKMZoHa30cYVi1iA8
837,0.429,0.631,-11.514,0.0769,7.85e-05,0.00411,0.175,0.376,162.734,168440,4,1jzDzZWeSDBg5fhNc3tczV
838,0.437,0.864,-7.842,0.0904,0.396,0.0314,0.242,0.749,81.394,295387,3,3qT4bUD1MaWpGrTwcvguhb
839,0.653,0.73,-10.613,0.0429,0.0115,1.02e-05,0.0776,0.894,108.709,220311,3,4JfuiOWlWCkjP6OKurHjSn
840,0.438,0.71,-12.412,0.0919,0.262,0.537,0.221,0.53,145.928,210373,4,63OFKbMaZSDZ4wtesuuq6f
841,0.294,0.641,-9.316,0.0291,0.0163,0.22,0.112,0.226,79.759,536067,4,3YRCqOhFifThpSRFJ1VWFM
842,0.466,0.833,-4.215,0.304,0.0266,0.0,0.0327,0.661,88.785,313573,1,59WN2psjkt1tyaxjspN8fp
843,0.502,0.89,-5.175,0.0364,0.000147,0.0117,0.217,0.259,133.52,292880,4,57bgtoPSgt236HzfBOd8kj
844,0.452,0.524,-10.108,0.0351,0.315,0.0,0.103,0.246,151.505,312360,4,3ovjw5HZZv43SxTwApooCM
845,0.417,0.934,-3.908,0.119,0.000278,0.0015,0.132,0.287,127.066,210240,4,2DlHlPMa4M17kufBvI2lEN
846,0.556,0.913,-2.36,0.0437,0.0193,8.59e-06,0.346,0.73,96.184,282160,0,10Nmj3JCNoMeBQ87uw5j8k
847,0.412,0.902,-11.6,0.405,0.0484,0.131,0.405,0.422,89.74,333893,1,0hCB0YR03f6AmQaHbwWDe8
848,0.54,0.584,-9.579,0.0254,0.0108,0.00296,0.253,0.244,139.261,386493,4,4aYLAF6ckQ5ooGGGM7sWAa
849,0.547,0.931,-2.356,0.0615,0.000998,0.0118,0.278,0.697,118.4,261507,0,4feXJ5IC3avXsVW9WNFSag
850,0.532,0.887,-3.757,0.0335,0.0778,0.000214,0.294,0.795,122.511,249293,0,37ZJ0p5Jm13JPevGcx4SkF
851,0.666,0.855,-5.051,0.0295,0.179,1.2e-06,0.0987,0.803,125.639,268427,3,31AOj9sFz2gM0O3hMARRBx
852,0.317,0.887,-7.292,0.0375,0.000582,0.00258,0.0891,0.871,169.613,220561,3,4PRGxHpCpF2yoOHYKQIEwD
853,0.402,0.873,-3.209,0.0586,0.00484,7.3e-05,0.157,0.684,125.443,253667,3,2fICdpdRotwfmGYzvs8Ngf
854,0.458,0.783,-3.226,0.0322,0.346,6.14e-06,0.13,0.224,113.072,167907,3,4xBHZ2Mr0gCdFYXrPZuYXO
855,0.409,0.932,-4.538,0.0339,1.87e-05,1.6e-06,0.31,0.591,131.761,166640,0,55yvzYuvJYG2RUEnMK78tr
856,0.618,0.938,-3.442,0.0456,0.0179,0.0,0.167,0.875,91.455,269000,3,3ZOEytgrvLwQaqXreDs2Jx
857,0.526,0.978,-5.436,0.108,0.00122,4.75e-05,0.0744,0.451,141.167,210227,3,05RgAMGypEvqhNs5hPCbMS
858,0.564,0.932,-10.068,0.0554,0.013,0.169,0.349,0.619,112.937,146250,0,78lgmZwycJ3nzsdgmPPGNx
859,0.31,0.7,-5.678,0.047,0.011,0.00965,0.0828,0.763,188.386,255493,4,08mG3Y1vljYA6bvDt4Wqkj
860,0.556,0.864,-5.87,0.0584,0.00958,0.0,0.209,0.4,105.143,216880,3,60a0Rd6pjrkxjPbaKzXjfq
861,0.521,0.721,-7.699,0.0254,0.00348,0.0113,0.391,0.611,97.578,328427,0,2JhJOPGvtqMpj5RQC8cIYf
862,0.538,0.981,-2.688,0.14,0.00662,0.0,0.219,0.711,101.414,255467,3,0EYOdF5FCkgOJJla8DI2Md
863,0.305,0.803,-4.668,0.0412,0.0495,0.000315,0.329,0.282,139.381,355915,4,60a5c4dDARPsksClcom0OD
864,0.476,0.717,-9.192,0.0949,0.0382,7.61e-05,0.0818,0.753,93.584,166267,3,0QwZfbw26QeUoIy82Z2jYp
865,0.599,0.931,-4.653,0.0735,0.0302,6.69e-05,0.392,0.536,140.123,270427,0,549Go7a66CX6k523uK9kUv
866,0.553,0.362,-11.218,0.0263,0.0458,6.01e-06,0.075,0.158,142.352,388267,4,0nLiqZ6A27jJri2VCalIUs
867,0.592,0.767,-2.788,0.027,0.0021,0.00165,0.127,0.328,96.483,329733,3,48UPSzbZjgc449aqz8bxox
868,0.532,0.767,-5.509,0.0574,0.00287,0.000513,0.39,0.755,127.361,210173,0,2SiXAy7TuUkycRVbbWDEpo
869,0.554,0.978,-3.554,0.131,0.111,0.0,0.0731,0.594,135.095,162600,3,4Yf5bqU3NK4kNOypcrLYwU
870,0.572,0.835,-6.219,0.0317,0.171,0.000377,0.0702,0.795,129.981,241600,3,7N3PAbqfTjSEU1edb2tY8j
871,0.654,0.929,-5.906,0.0998,0.0468,0.0,0.0539,0.902,144.774,168840,3,6KTv0Z8BmVqM7DPxbGzpVC
872,0.693,0.353,-17.852,0.0414,0.0704,0.00113,0.503,0.75,104.143,228587,0,7rPzEczIS574IgPaiPieS3
873,0.433,0.842,-3.513,0.0544,0.134,0.0,0.16,0.341,116.558,278973,4,7sqp1w76zjW3K04htuRA8H
874,0.457,0.904,-5.303,0.0747,0.000239,0.0879,0.396,0.48,141.038,317427,0,0C80GCp0mMuBzLf3EAXqxv
875,0.543,0.836,-9.11,0.0353,0.000647,0.431,0.153,0.56,105.173,515387,4,2MuWTIM3b0YEAskbeeFE1i
876,0.559,0.345,-13.496,0.0459,0.0576,0.000105,0.141,0.458,84.581,264307,3,3d9DChrdc6BOeFsbrZ3Is0
877,0.456,0.59,-8.638,0.0327,0.00182,0.00379,0.104,0.243,124.635,283733,4,2N2yrmodOnVF10mKvItC9P
878,0.492,0.969,-4.419,0.0491,0.0014,1.32e-06,0.0787,0.538,95.136,157333,3,3K4HG9evC7dg3N0R9cYqk4
879,0.454,0.946,-5.978,0.13,0.0223,0.0,0.173,0.647,138.18,156147,3,0upLyFR8Rr52ZpMp5esQoq
880,0.332,0.769,-11.503,0.0765,0.00367,0.00413,0.0372,0.525,157.378,354774,4,0TI8TP4FitVPoEHPTySx48
881,0.849,0.698,-10.978,0.312,0.121,0.00966,0.101,0.135,132.027,237610,1,1layMkV1Oq9Ru51sm4dGks
882,0.709,0.602,-6.428,0.272,0.169,0.00133,0.107,0.657,150.036,150475,1,7IoyPJyv7AlHVtPZofgIgB
883,0.647,0.836,-3.789,0.26,0.144,0.000403,0.213,0.52,140.08,147680,1,0HObAomnnHRMv2kuEBIMbz
884,0.577,0.754,-8.77,0.0597,0.306,0.0111,0.496,0.219,131.282,156958,0,1ExKe1GMNx2uZQ2XAlHTNW
885,0.752,0.83,-3.919,0.215,0.0147,0.000546,0.29,0.546,135.097,165420,1,7GlTmlTip8mzLlwgTDvxPe
886,0.821,0.932,-8.062,0.0633,0.00542,0.0133,0.155,0.706,141.976,137157,3,6qspar87ZXTLC85Z2nSlSe
887,0.834,0.881,-7.983,0.194,0.0749,0.142,0.175,0.757,140.016,154286,1,2apRbQlpckuUM282gW1Z6p
888,0.803,0.889,-6.545,0.0439,0.189,0.653,0.13,0.876,147.983,163515,3,7jQkiAaa4XYYsPH3rcfcWo
889,0.837,0.678,-6.393,0.296,0.189,0.00126,0.134,0.638,150.1,139691,1,0bWnvUpHxJnjaHrxZTI1iy
890,0.765,0.938,-6.798,0.922,0.198,0.046,0.213,0.342,150.088,132000,1,2UsioXuoS0jpSFsB6NM6il
891,0.633,0.881,-7.011,0.0872,0.0978,0.0138,0.0602,0.351,165.076,167273,3,3eNzbY1WUpkve835a1O7iL
892,0.853,0.587,-5.462,0.379,0.377,0.0294,0.375,0.682,150.009,158551,1,620w5MHgTaEp8HeeadsIqa
893,0.63,0.458,-14.172,0.0718,0.15,0.0255,0.108,0.208,170.042,145676,4,6Hh6pxNSScePI9zjKBIUg2
894,0.611,0.906,-8.194,0.0638,0.0175,0.603,0.39,0.476,149.989,191200,0,5D8Z0KkFce9ir2yak7uj5C
895,0.791,0.863,-6.412,0.193,0.0917,0.541,0.196,0.595,135.007,160453,1,1IggdSqA19XnIKaYGZLAKS
896,0.818,0.727,-9.503,0.237,0.554,0.0152,0.133,0.729,136.004,129268,1,5nAOBXwuKa6XDperIxZ2cT
897,0.921,0.46,-9.408,0.309,0.00508,0.00353,0.232,0.367,144.934,151876,1,2AHevoDJA7d02hBYywNo4q
898,0.553,0.871,-7.506,0.418,0.0185,0.0167,0.601,0.119,141.953,175775,1,5JqsDaNitcaqZLqZfSLeTJ
899,0.841,0.766,-6.714,0.17,0.0538,0.0389,0.198,0.833,145.019,141546,3,4Zz8Ye0MkMm1F3XlCgGNBt
900,0.65,0.566,-9.838,0.303,0.199,0.53,0.477,0.377,151.107,164327,1,4r8vtv55ZqVxRAXdcLGS8J
901,0.56,0.966,-5.586,0.053,0.0594,0.86,0.0946,0.148,149.989,136117,4,1s89GPlBOEqKjpXc1GXtsO
902,0.677,0.872,-7.673,0.232,0.253,0.0368,0.127,0.197,138.003,136196,1,6uYnM3pZBgvEh95lrsqSJS
903,0.796,0.933,-5.103,0.0838,0.00621,0.00609,0.291,0.661,126.006,146384,3,5PIFxJpL63fh7qAyksfdzc
904,0.626,0.882,-6.152,0.129,0.0457,0.00078,0.119,0.487,135.005,122711,3,2qHpxxBLvBTo1PkCTvkce6
905,0.633,0.949,-6.176,0.0518,0.00323,0.0168,0.121,0.193,149.927,174400,4,61Pa7lLUimLxsG2BAgVfsM
906,0.762,0.894,-6.981,0.101,0.0223,0.257,0.152,0.553,149.969,129634,3,6ozPdSgrvbchQZvrAFwI75
907,0.689,0.775,-7.397,0.144,0.00199,0.499,0.0873,0.81,150.025,119208,3,7qjyKep4R9KkNPHO3nrxbd
908,0.651,0.923,-4.796,0.0307,0.00108,0.027,0.107,0.0615,95.001,209723,3,1V1dRk79rVQr0nJ0FDrJek
909,0.706,0.982,-2.843,0.0708,0.00152,0.534,0.117,0.355,139.96,171429,4,1daBltvNRBu6mHw8UYtzXG
910,0.769,0.692,-10.001,0.0892,0.0478,0.415,0.143,0.334,140.942,192458,4,3gdtEkjwv7DtSu4pf2K3qE
911,0.694,0.785,-6.05,0.131,0.112,0.0495,0.414,0.368,172.476,174000,0,6ZpLzlHarNRJwd86jnyXYF
912,0.664,0.727,-6.667,0.0401,0.0197,0.777,0.0731,0.884,162.726,150408,3,0snVQfjHIhKt8gfWYTDgm3
913,0.728,0.765,-9.0,0.0685,0.0263,0.681,0.196,0.0692,144.992,193712,4,5MFdNP6LWuJwLc0h2ZaxaG
914,0.588,0.896,-4.257,0.0572,0.00108,0.012,0.187,0.346,139.881,153205,3,41T043SzZ8VPpQgvg301ZS
915,0.784,0.888,-6.617,0.165,0.0158,0.892,0.169,0.13,135.995,360000,4,1tkS8yt5NwTZkqFvZMxM0F
916,0.72,0.847,-6.469,0.0384,0.00174,0.0623,0.104,0.132,149.954,236157,4,4atLPkcljMp14JBaigYFKC
917,0.539,0.741,-6.971,0.0629,1.73e-05,0.777,0.265,0.408,149.997,298567,4,6uKVBXtv0HDPLoJvLkiqph
918,0.717,0.745,-8.49,0.0433,0.0251,0.0478,0.166,0.115,128.014,176250,3,2sB805guzcnXiM2iKHTmao
919,0.626,0.882,-6.152,0.129,0.0457,0.00078,0.119,0.487,135.005,122711,3,2qHpxxBLvBTo1PkCTvkce6
920,0.627,0.979,-3.549,0.119,0.00016,0.908,0.525,0.384,150.029,185600,0,3R4EwhX6AQk5EXjAYBIiBX
921,0.532,0.966,-4.517,0.0727,0.00298,0.565,0.473,0.279,150.007,182479,0,34Bw1YNUaB58jL6dgRB3ST
922,0.775,0.639,-11.127,0.282,0.156,0.00565,0.179,0.461,140.054,160732,1,5uex3Mee1AWO6CFpTzRGPB
923,0.612,0.695,-11.86,0.17,0.254,0.61,0.262,0.67,141.006,163410,1,2bYbohLTm27TUFwliLQ2II
924,0.589,0.924,-6.578,0.276,0.00744,0.187,0.657,0.29,160.077,168237,0,1AAW9mwRv9IILxuHCgUVCM
925,0.553,0.931,-8.196,0.0427,0.00204,0.413,0.238,0.0397,89.975,134667,4,6if6TUsJ8CIaPaaLyQoZQB
926,0.762,0.911,-4.704,0.189,0.0197,0.78,0.282,0.48,124.925,125280,0,5JPotSaks8ig6cFcSoFzLj
927,0.636,0.841,-3.789,0.322,0.00305,8.63e-05,0.409,0.548,131.924,133636,1,4qRdS6InvlnugJxfOIh0CP
928,0.681,0.714,-6.644,0.0416,0.00999,1.31e-06,0.102,0.527,145.918,136849,3,7xdPu40ERGnzxgmr08nugx
929,0.506,0.745,-4.562,0.0448,0.0161,0.0,0.371,0.179,140.035,195107,0,3Mfx6W0pmOBw7UQO0mrD47
930,0.628,0.907,-7.915,0.0459,0.00191,0.00989,0.0983,0.251,149.959,118400,3,7wAEJKCipbq1fYEMbURDTP
931,0.669,0.831,-7.566,0.364,0.211,0.0037,0.433,0.37,136.327,173785,1,5OtRUowagv3aSAcjekQmDm
932,0.69,0.791,-9.002,0.0678,0.0328,7.32e-05,0.506,0.319,126.021,149529,0,5JgJ9QGfNMRHETv4Izh5FK
933,0.718,0.722,-7.974,0.068,0.0699,0.952,0.131,0.178,144.996,165460,4,5jnvyKRHqc0EWIAyCZwX5D
934,0.626,0.882,-6.152,0.129,0.0457,0.00078,0.119,0.487,135.005,122711,3,2qHpxxBLvBTo1PkCTvkce6
935,0.553,0.948,-9.628,0.037,0.00881,0.818,0.102,0.0389,134.996,206222,4,7Bg90Jhm3Dhtu7m2YCpo6C
936,0.74,0.567,-7.407,0.12,0.00366,0.00551,0.113,0.087,133.991,177313,3,7ok3N3VU6nNem8A0vWMgOo
937,0.825,0.772,-8.598,0.0659,0.026,0.00259,0.132,0.872,145.071,176276,3,78P7Of5fRksvxS3w8OLYD6
938,0.577,0.754,-8.77,0.0597,0.306,0.0111,0.496,0.219,131.282,156958,0,1ExKe1GMNx2uZQ2XAlHTNW
939,0.787,0.685,-6.343,0.208,0.112,2.23e-06,0.0865,0.276,144.98,119130,1,4Bce8zih5vey2GVnAbOQu6
940,0.63,0.634,-7.652,0.238,0.0143,0.0948,0.111,0.222,140.021,200786,1,3IIiIFprjP4eGl02rHQqQA
941,0.674,0.603,-8.806,0.13,0.111,0.000283,0.297,0.24,127.939,162293,0,06DLQjanbIyzLL2iMQOM4T
942,0.837,0.678,-6.393,0.296,0.189,0.00126,0.134,0.638,150.1,139691,1,0bWnvUpHxJnjaHrxZTI1iy
943,0.876,0.862,-6.383,0.0722,0.0298,0.129,0.11,0.542,124.979,140640,3,1qfW2xub6sR38gJNq2vwca
944,0.726,0.883,-7.657,0.105,0.0296,0.502,0.295,0.54,150.006,142800,0,2g4NThtQbOtR5VkdXIboxr
945,0.711,0.468,-17.63,0.15,0.0129,0.0562,0.714,0.556,169.974,237195,0,5ZNa6S7agmCmaEnxIHE73m
946,0.671,0.791,-7.352,0.215,0.0454,0.0185,0.0354,0.383,138.032,149565,1,04R4oiYD4NU6ZkdwlaJSep
947,0.674,0.961,-10.188,0.0624,0.0623,0.895,0.0844,0.124,150.045,262400,4,2xDPYggKsvXFblelNnCnu4
948,0.628,0.952,-6.574,0.0681,0.00642,0.852,0.141,0.0372,138.007,208696,4,1XkSU5Rbomsn6z6vFBja0E
949,0.683,0.853,-7.081,0.0335,0.0527,0.886,0.072,0.107,125.97,287292,4,6eiEPJ16dOxe0hME3NWxfP
950,0.64,0.988,-5.37,0.112,0.0851,0.103,0.0976,0.455,133.972,218507,3,14Lf119p3TzcZ7cIyX927A
951,0.593,0.942,-6.37,0.0486,0.000764,0.806,0.0822,0.263,143.0,352520,4,34S0Z1eIGpId7LPcN92mLo
952,0.784,0.888,-6.617,0.165,0.0158,0.892,0.169,0.13,135.995,360000,4,1tkS8yt5NwTZkqFvZMxM0F
953,0.57,0.976,-6.909,0.0495,0.000379,0.752,0.096,0.471,142.006,315245,4,0zK4cjHxWYGISIA1FDqEF7
954,0.677,0.872,-7.673,0.232,0.253,0.0368,0.127,0.197,138.003,136196,1,6uYnM3pZBgvEh95lrsqSJS
955,0.682,0.923,-9.404,0.0548,0.00182,0.662,0.0925,0.134,138.021,363890,4,65avt9HtCTofE3r4sYGs48
956,0.321,0.977,-5.575,0.147,0.239,0.00491,0.311,0.397,92.502,298385,0,4kzhGAkVWcsKQoj0F4gcOg
957,0.688,0.922,0.444,0.0362,0.263,0.0302,0.186,0.695,175.054,230400,3,6DsPM0HMAXN5x4pzBR6bbo
958,0.635,0.983,-6.252,0.0516,0.199,0.852,0.419,0.035,132.004,207273,4,0dDGl66J8riMFyp2yUn88W
959,0.479,0.437,-7.989,0.0547,0.0417,0.0343,0.125,0.0741,108.869,247023,4,5irKKFoCUyKFq8rvtSBIYM
960,0.828,0.597,-10.913,0.225,0.0506,0.00322,0.211,0.648,138.037,219130,1,0xKmZG7V6F5ejJckXgJx6O
961,0.616,0.936,-5.712,0.0451,0.0543,0.858,0.0725,0.0633,133.032,230075,4,0bAMROlEuHte7cVpfAVPZK
962,0.37,0.949,-5.119,0.14,0.0121,0.0978,0.356,0.0356,140.061,194571,0,7ydaic6O1E9pVrzQiXYDZt
963,0.732,0.627,-13.712,0.0524,0.000174,0.895,0.0981,0.266,131.007,239084,4,1kMObCQiYe5opqybH7ZNPD
964,0.573,0.997,-1.919,0.214,0.000841,0.853,0.192,0.0891,99.986,249600,4,5taxi3t9jB9vOU91iOuasN
965,0.773,0.602,-9.772,0.045,0.0112,0.808,0.104,0.103,129.993,317538,4,6QqpX2j8raMWtxeNiv5xVZ
966,0.68,0.995,-5.553,0.0923,0.0135,0.0378,0.121,0.216,127.033,154134,3,0gsmCnPlaF7R8XSR2HMupK
967,0.764,0.954,-5.664,0.0588,0.0344,0.845,0.102,0.317,131.989,407436,4,2ULBxi4DNecLbc9u9qUuFc
968,0.592,0.911,-7.975,0.0659,0.00608,0.0123,0.223,0.211,103.517,215773,3,3Nku6gLNqnwUuq8GLkqyhW
969,0.415,0.983,-1.812,0.243,0.0013,0.00136,0.115,0.0866,155.054,214625,4,1Go9uTsrrK0yvJ59nnuqnd
970,0.678,0.562,-12.1,0.0531,0.0407,0.762,0.0985,0.119,138.004,292260,4,2QG4MQPjN7C3obDT5Fglpo
971,0.535,0.941,-3.374,0.0606,0.268,0.718,0.0894,0.116,97.507,283077,4,26mdytR4sWakYZgsrdaOdm
972,0.571,0.995,-1.328,0.28,0.00802,0.348,0.439,0.246,155.106,238452,0,3qnEHAJ07ZJcG5sQM9RYxS
973,0.545,0.953,-6.421,0.0479,0.000151,0.881,0.928,0.441,132.007,190047,0,7a331AYmwmF5CA7ZdwzMck
974,0.486,0.754,-5.932,0.05,0.0254,0.699,0.396,0.0854,105.113,224113,0,60fAgJqxcBuUqAOZ4q2r6K
975,0.713,0.878,-3.141,0.091,0.0392,0.91,0.129,0.608,165.003,231273,4,0vIEuJgEaRRtW43zTICknu
976,0.421,0.902,-3.304,0.201,0.000164,0.331,0.0481,0.0967,170.383,214607,4,1552qXziI7VrrImSWEVaju
977,0.732,0.933,-7.017,0.116,0.182,0.877,0.152,0.303,129.993,272221,4,0VnV4QbuGplPbXsFBJpX8y
978,0.803,0.889,-6.545,0.0439,0.189,0.653,0.13,0.876,147.983,163515,3,7jQkiAaa4XYYsPH3rcfcWo
979,0.731,0.847,-5.584,0.122,0.0359,0.824,0.0944,0.61,126.004,200000,4,5oIvkoqX3mwFb7UCqF3G78
980,0.559,0.85,-5.276,0.0596,0.0118,1.57e-05,0.115,0.33,155.064,202399,4,77y3caTFtC3n4tGgyPUF87
981,0.792,0.836,-6.252,0.0648,0.006,0.878,0.108,0.183,130.003,227871,4,46N0cSUeoKfdGOGG852Jk1
982,0.753,0.899,-7.295,0.271,0.0893,0.464,0.364,0.0566,149.891,241659,1,2vAgx4Qusmnm9JBP3qAti7
983,0.565,0.866,-4.974,0.116,0.0036,0.903,0.114,0.0548,150.053,188425,4,3W1eonz2fNwfrYmYHMoq3O
984,0.643,0.881,-5.572,0.078,0.191,0.00505,0.178,0.0349,128.098,303750,4,421dRbck1Ouskdse4G8yRc
985,0.609,0.912,-6.593,0.0391,0.0196,0.478,0.133,0.0391,135.027,204444,4,1eMUGMEWrvTXYWrPobq2dH
986,0.534,0.908,-5.876,0.0502,0.00105,0.00165,0.189,0.265,150.076,201804,4,0ZFbjz111lD5ZmCweY4iV9
987,0.687,0.996,-3.011,0.0522,0.018,0.0586,0.307,0.857,126.984,211654,0,693cAiFc5ZmSSCza30PUDP
988,0.517,0.996,-2.016,0.204,0.0473,2.08e-05,0.374,0.34,102.454,226969,0,1cFy1ZbSyLfAgL3jwOTT6m
989,0.866,0.828,-8.704,0.203,0.203,0.527,0.123,0.543,133.004,183333,1,53cLYZSnsw7BeJybRHPlox
990,0.529,0.995,-5.632,0.122,0.0251,0.73,0.489,0.163,145.007,364577,0,26B0R93MekRH41waR9AeO2
991,0.616,0.73,-6.484,0.0368,0.000523,0.731,0.103,0.123,123.986,229839,4,05rxb9Zhj2jNK5TcsC8l2W
992,0.552,0.929,-1.625,0.545,0.129,0.000363,0.706,0.173,159.72,196500,1,0UDVMvCdkiUUlhexSbwIK7
993,0.572,0.824,-5.832,0.0377,0.0019,0.608,0.0623,0.151,139.995,219429,4,0lu7nWvNoGSTC8kx5Sahzw
994,0.929,0.831,-5.464,0.11,0.00364,0.277,0.0811,0.201,125.005,170880,3,6v623fMkFcYxhXg9a0NmmD
995,0.659,0.943,-5.2,0.0694,0.00349,0.825,0.352,0.331,132.995,272481,4,4UY7C15gnG3nkEXdByPHHZ
996,0.581,0.956,-2.172,0.185,0.0899,5.5e-06,0.108,0.146,92.555,202378,3,5ogZ5NPi8jAOliZP2T2cew
997,0.722,0.927,-5.238,0.132,0.0344,0.0341,0.121,0.553,125.935,184048,3,1330BmntTGV1ctC7ZS6PKT
998,0.628,0.989,-2.995,0.388,0.00162,0.00632,0.228,0.0744,139.923,178286,1,2fSuULcE8VMeOHxBsXIy0d
999,0.401,0.723,-4.655,0.0386,0.153,0.00186,0.194,0.16,174.139,182234,4,5oNuUTKQFKJGF5aLUchsFb
1000,0.226,0.755,-10.162,0.0636,0.116,0.075,0.66,0.0589,171.843,145984,0,3Reju72SJp2U5yCut6wJyt
1001,0.627,0.921,-8.503,0.145,0.179,0.82,0.119,0.0377,140.054,288750,4,71gsJeJVQA1qymlRNvSzC9
1002,0.612,0.963,-3.912,0.0531,0.00897,0.00378,0.294,0.179,138.009,183519,0,4ECA0jaumK20cc7vCqoYAA
1003,0.804,0.916,-6.441,0.058,3.72e-05,0.891,0.058,0.386,128.003,366501,4,1HyFNcbokfXDhd2NgZTNKf
1004,0.832,0.74,-5.033,0.11,0.0934,0.302,0.0691,0.338,132.004,345107,4,52qxYUT6aebNvYjTwS1Bgy
1005,0.311,0.691,-10.934,0.0701,0.244,0.88,0.11,0.113,173.949,282743,4,0KnMV02q60Kkq05xp5ljlS
1006,0.825,0.703,-9.348,0.0964,0.0219,0.795,0.18,0.131,130.002,421179,4,7KqFzuDGtnTMfqkuAzdpCv
1007,0.273,0.972,-3.713,0.385,0.00968,0.132,0.435,0.0785,177.314,303200,1,6KSJMJJm7HxUTS31dOfd8S
1008,0.737,0.929,-4.196,0.0761,0.0259,0.885,0.0408,0.304,130.0,376615,4,46XykrGmCyHaw4ZpEF8PnX
1009,0.638,0.926,-5.881,0.0635,0.00136,0.85,0.139,0.529,145.012,371250,4,02zfnCOpIVkQdNoF7pPDpJ
1010,0.661,0.555,-7.412,0.0324,0.0769,0.781,0.114,0.0345,127.029,181440,4,19WgVNczinqQyH7aPohNbg
1011,0.8,0.98,-4.359,0.0476,0.00313,0.834,0.0849,0.615,125.996,152381,3,2fZoOFN3YKnzQcaKPxcQag
1012,0.727,0.952,-5.693,0.0855,0.0358,0.882,0.108,0.196,131.994,444029,4,2To1kKqcmGDu8clp3NuoQS
1013,0.53,0.423,-12.943,0.0981,0.533,0.748,0.0906,0.0358,160.088,234203,4,4rPpewOMJFgk7amVhEmUzb
1014,0.631,0.896,-5.008,0.122,0.0105,0.886,0.367,0.0677,134.985,174583,4,5eC1LyKPN2oaDSxPy7SuA6
1015,0.536,0.994,-5.908,0.13,0.0028,0.825,0.121,0.0703,150.008,268800,4,2WtAN4pdVELZmswx5QGGyY
1016,0.457,0.649,-8.695,0.0938,0.00177,0.86,0.0944,0.0379,137.995,403479,4,5VSiGydJ65kVj43HGrm92p
1017,0.612,0.702,-10.089,0.0322,0.0168,0.557,0.626,0.195,127.989,341250,0,7LB7QCgu69MvSHrnzsNgfl
1018,0.665,0.905,-5.233,0.0599,0.000356,0.663,0.43,0.0378,99.755,192948,0,1Vc1lmI1hZQOyIgO7SN2Xk
1019,0.489,0.992,-0.538,0.306,0.174,6.43e-05,0.291,0.414,185.133,251676,1,2ihm2OWLtLLlrpZOdvVmwh
1020,0.7,0.905,-7.479,0.0536,0.0243,0.573,0.195,0.0481,123.974,240818,4,2uDw78ZCYfz5t3USvCvuH4
1021,0.507,0.859,-2.53,0.0539,0.0361,0.499,0.343,0.0917,174.993,342857,4,028FnKxGvKFy6gjeGzpjnq
1022,0.274,0.955,-3.743,0.215,0.00219,0.872,0.61,0.175,100.017,216730,0,3MeDf3jCslGIcFp3h0oG4G
1023,0.611,0.974,-4.292,0.183,0.025,0.249,0.126,0.119,140.003,212571,4,73o19dZ3lYf6edgMZ5UrDs
1024,0.467,0.942,-3.122,0.0401,2.47e-05,0.934,0.148,0.235,173.984,204310,4,1K6gyNdEjiap8P5IBELG6t
1025,0.751,0.491,-12.595,0.0724,0.464,0.701,0.112,0.144,129.955,179077,4,3Z9rWldhmlgEVsS6BDjRkz
1026,0.564,0.818,-7.566,0.0517,0.279,0.909,0.144,0.208,139.96,370657,4,2GGQ3NtvADlskWaH2ewx1I
1027,0.581,0.932,-4.021,0.0645,0.0164,0.262,0.742,0.173,132.924,189923,0,51rDoCrL3wRgC9YiCW961E
1028,0.507,0.92,-8.151,0.0561,0.00629,0.627,0.668,0.225,129.013,200930,0,4UjxYMM2290d7KlCKVSOuQ
1029,0.595,0.911,-4.162,0.0736,0.0208,0.656,0.117,0.0685,135.037,165505,4,1bZbUJlyXsvfuk40E3geHZ
1030,0.636,0.942,-3.111,0.0672,0.0444,0.777,0.0738,0.246,138.004,173971,4,2QMbTgsstUkTqGjiCKOFQe
1031,0.685,0.709,-9.307,0.0849,0.061,0.685,0.0998,0.0803,140.051,375429,4,51DVbDJnx1IUHzoP1XItni
1032,0.385,0.84,-6.189,0.0694,0.0281,0.85,0.0826,0.0541,137.958,252174,4,2iUSC784pwUQSfEHbKhTvd
1033,0.521,0.994,-6.33,0.0532,0.0146,0.833,0.187,0.293,133.008,247218,4,2rGvg9yjXMQ8B462BOautq
1034,0.324,0.914,-6.676,0.0731,0.000672,0.773,0.11,0.0688,140.078,394286,4,3lyItV83hRQU3WIeGAhTM9
1035,0.579,0.663,-7.571,0.0647,0.00348,0.753,0.157,0.119,142.996,346187,4,1EIksRgAo1CGkSHkdOLzn7
1036,0.744,0.697,-9.033,0.0575,0.00189,0.855,0.62,0.434,129.994,205696,0,2BfFW4C5SIgbp33539WAah
